authors,title,genres,book_id,image_url,year,average_rating
Bill Watterson,The Essential Calvin and Hobbes: A Calvin and Hobbes Treasury,fiction | comics | classics | graphic-novels | humor,1010,http://books.google.com/books/content?id=JuDInK3YtyMC&printsec=frontcover&img=1&zoom=1&edge=curl&source=gbs_api,1988,4.65
"J.K. Rowling, Mary GrandPré","Harry Potter and the Deathly Hallows (Harry Potter, #7)",classics | fiction | fantasy | young-adult,25,https://images.gr-assets.com/books/1474171184m/136251.jpg,2007,4.61
"Bill Watterson, G.B. Trudeau",Calvin and Hobbes,fiction | comics | classics | graphic-novels | humor,780,http://books.google.com/books/content?id=1iXKhV4p1CoC&printsec=frontcover&img=1&zoom=1&edge=curl&source=gbs_api,1987,4.61
"Francine Rivers, Richard Ferrone","A Voice in the Wind (Mark of the Lion, #1)",christian | fiction | religion | romance | historical-fiction,1618,https://images.gr-assets.com/books/1459567327m/95617.jpg,1998,4.6
Cassandra Clare,"Clockwork Princess (The Infernal Devices, #3)",fiction | young-adult | steampunk | fantasy | paranormal | romance | historical-fiction,460,https://images.gr-assets.com/books/1436788488m/18335634.jpg,2013,4.59
"J.K. Rowling, Mary GrandPré, Rufus Beck","Harry Potter and the Prisoner of Azkaban (Harry Potter, #3)",classics | fiction | fantasy | young-adult,18,https://images.gr-assets.com/books/1499277281m/5.jpg,2004,4.53
Francine Rivers,Redeeming Love,christian | romance | fiction | historical-fiction,504,http://books.google.com/books/content?id=9BHzAAAAMAAJ&printsec=frontcover&img=1&zoom=1&source=gbs_api,2007,4.48
"Chuck Dixon, J.R.R. Tolkien, David Wenzel, Sean Deming",The Hobbit: Graphic Novel,fiction | comics | young-adult | classics | fantasy | graphic-novels,466,https://images.gr-assets.com/books/1374681632m/659469.jpg,1990,4.48
Brian Sibley,Harry Potter: Film Wizardry,art | nonfiction,2001,https://images.gr-assets.com/books/1464452934m/7952502.jpg,2010,4.48
Leigh Bardugo,"Six of Crows (Six of Crows, #1)",fiction | young-adult | lgbt | fantasy | romance,1668,https://images.gr-assets.com/books/1500689111m/23437156.jpg,2015,4.46
Cassandra Clare,"Clockwork Prince (The Infernal Devices, #2)",fiction | young-adult | steampunk | fantasy | paranormal | romance | historical-fiction,351,https://images.gr-assets.com/books/1460477747m/10025305.jpg,2011,4.46
Brandon Sanderson,"The Bands of Mourning (Mistborn, #6)",fiction | fantasy | steampunk,3341,https://images.gr-assets.com/books/1450134973m/18739426.jpg,2016,4.45
George R.R. Martin,"A Game of Thrones (A Song of Ice and Fire, #1)",fiction | fantasy,39,https://images.gr-assets.com/books/1436732693m/13496.jpg,2005,4.45
Kathryn Stockett,The Help,fiction | classics | contemporary | chick-lit | historical-fiction,31,https://images.gr-assets.com/books/1346100365m/4667024.jpg,2009,4.45
J.R. Ward,"Lover Awakened (Black Dagger Brotherhood, #3)",fiction | erotica | fantasy | paranormal | romance,841,https://images.gr-assets.com/books/1388773547m/42900.jpg,2006,4.45
Anonymous,Holy Bible: King James Version,philosophy | christian | spirituality | religion | history | nonfiction | classics,464,https://images.gr-assets.com/books/1313518530m/1923820.jpg,2008,4.43
"Eiichirō Oda, Andy Nakatani","One Piece, Volume 01: Romance Dawn (One Piece, #1)",fiction | comics | young-adult | manga | fantasy | graphic-novels,1321,https://images.gr-assets.com/books/1318523719m/1237398.jpg,2003,4.42
"Hajime Isayama, Sheldon Drzka","Attack on Titan, Vol. 1 (Attack on Titan, #1)",fiction | comics | horror | young-adult | manga | graphic-novels | science-fiction,1183,https://images.gr-assets.com/books/1432712438m/13154150.jpg,2012,4.42
"Corrie ten Boom, John Sherrill, Elizabeth Sherrill",The Hiding Place: The Triumphant True Story of Corrie Ten Boom,christian | memoir | history | nonfiction | classics | biography,513,https://images.gr-assets.com/books/1320418824m/561909.jpg,1984,4.42
"Tsugumi Ohba, Takeshi Obata","Death Note, Vol. 1: Boredom (Death Note, #1)",fiction | comics | horror | young-adult | mystery | fantasy | manga | graphic-novels | thriller,585,https://images.gr-assets.com/books/1419952134m/13615.jpg,2005,4.42
Akira Toriyama,"Dragon Ball, Vol. 1: The Monkey King (Dragon Ball, #1)",fiction | comics | young-adult | fantasy | manga | graphic-novels | humor,3110,https://images.gr-assets.com/books/1442541694m/969275.jpg,2003,4.42
S.C. Stephens,"Reckless (Thoughtless, #3)",young-adult | erotica | music | contemporary | chick-lit | romance,1773,https://images.gr-assets.com/books/1356986017m/13600318.jpg,2013,4.42
Hiro Fujiwara,"Maid-sama! Vol. 01 (Maid-sama!, #1)",comics | young-adult | manga | romance | graphic-novels | humor,2585,http://books.google.com/books/content?id=MDlePAAACAAJ&printsec=frontcover&img=1&zoom=1&source=gbs_api,2009,4.4
"Hiro Mashima, William Flanagan","Fairy Tail, Vol. 1 (Fairy Tail, #1)",fiction | comics | young-adult | manga | fantasy | graphic-novels,1510,http://books.google.com/books/content?id=S7qCngEACAAJ&printsec=frontcover&img=1&zoom=1&source=gbs_api,2008,4.4
Laura Hillenbrand,"Unbroken: A World War II Story of Survival, Resilience, and Redemption",memoir | history | nonfiction | biography,144,https://images.gr-assets.com/books/1327861115m/8664353.jpg,2010,4.4
Andy Weir,The Martian,science-fiction | humor | fiction | thriller,141,https://images.gr-assets.com/books/1413706054m/18007564.jpg,2014,4.39
Shel Silverstein,The Giving Tree,poetry | fiction | young-adult | classics | fantasy,85,https://images.gr-assets.com/books/1174210942m/370493.jpg,2064,4.38
S.C. Stephens,"Effortless (Thoughtless, #2)",young-adult | erotica | music | contemporary | chick-lit | romance,1036,https://images.gr-assets.com/books/1364805648m/15842441.jpg,2013,4.37
"J.K. Rowling, Mary GrandPré","Harry Potter and the Chamber of Secrets (Harry Potter, #2)",classics | fiction | fantasy | young-adult,23,https://images.gr-assets.com/books/1474169725m/15881.jpg,1999,4.37
Edgar Allan Poe,The Complete Stories and Poems,poetry | fiction | horror | mystery | classics | fantasy,512,https://images.gr-assets.com/books/1327942676m/23919.jpg,1984,4.37
"Yana Toboso, Tomo Kimura","Black Butler, Vol. 1 (Black Butler, #1)",fiction | comics | horror | young-adult | fantasy | manga | paranormal | graphic-novels | historical-fiction,1352,https://images.gr-assets.com/books/1336691148m/6690979.jpg,2010,4.37
"Alan Moore, Brian Bolland, Tim Sale",Batman: The Killing Joke,fiction | comics | fantasy | crime | graphic-novels,735,https://images.gr-assets.com/books/1346331835m/96358.jpg,1995,4.36
Markus Zusak,The Book Thief,classics | historical-fiction | fiction | young-adult,47,https://images.gr-assets.com/books/1390053681m/19063.jpg,2006,4.36
Bisco Hatori,"Ouran High School Host Club, Vol. 1 (Ouran High School Host Club, #1)",fiction | comics | young-adult | manga | romance | graphic-novels | humor,810,http://books.google.com/books/content?id=0kn9ngEACAAJ&printsec=frontcover&img=1&zoom=1&source=gbs_api,2005,4.36
"Patrick Ness, Jim Kay, Siobhan Dowd",A Monster Calls,fiction | young-adult | horror | children | mystery | ebooks | contemporary | fantasy | paranormal | graphic-novels,987,https://images.gr-assets.com/books/1485991317m/8621462.jpg,2011,4.36
"Kazue Kato, John Werry","Blue Exorcist, Vol. 1  (Blue Exorcist, #1)",comics | young-adult | manga | paranormal | fantasy | graphic-novels,2460,https://images.gr-assets.com/books/1432642113m/9876989.jpg,2011,4.36
"Masashi Kishimoto, Katy Bridges","Naruto, Vol. 01: The Tests of the Ninja (Naruto, #1)",fiction | comics | young-adult | manga | fantasy | graphic-novels,835,https://images.gr-assets.com/books/1435524806m/204042.jpg,2014,4.35
Dr. Seuss,The Lorax,poetry | fiction | young-adult | classics | fantasy,391,https://images.gr-assets.com/books/1327879938m/7784.jpg,1998,4.35
Shel Silverstein,A Light in the Attic,poetry | fiction | young-adult | classics | humor,278,https://images.gr-assets.com/books/1427169918m/30118.jpg,2002,4.34
Khaled Hosseini,A Thousand Splendid Suns,historical-fiction | contemporary | fiction,67,https://images.gr-assets.com/books/1345958969m/128029.jpg,2007,4.34
Cassandra Clare,"City of Glass (The Mortal Instruments, #3)",fiction | young-adult | fantasy | paranormal | romance,134,https://images.gr-assets.com/books/1369452339m/3777732.jpg,2009,4.34
Benjamin Alire Sáenz,"Aristotle and Dante Discover the Secrets of the Universe (Aristotle and Dante Discover the Secrets of the Universe, #1)",fiction | young-adult | lgbt | contemporary | romance,1203,https://images.gr-assets.com/books/1328320260m/12000020.jpg,2012,4.34
"Stephen King, Bernie Wrightson",The Stand,fiction | horror | classics | fantasy | science-fiction | thriller,168,https://images.gr-assets.com/books/1213131305m/149267.jpg,1990,4.34
Dr. Seuss,"Oh, The Places You'll Go!",poetry | fiction | young-adult | classics | fantasy | humor,358,https://images.gr-assets.com/books/1421708635m/191139.jpg,1990,4.34
Suzanne Collins,"The Hunger Games (The Hunger Games, #1)",fiction | young-adult | fantasy | romance | science-fiction,1,https://images.gr-assets.com/books/1447303603m/2767052.jpg,2008,4.34
J.R. Ward,"Lover Unbound (Black Dagger Brotherhood, #5)",fiction | erotica | fantasy | paranormal | romance,1336,https://images.gr-assets.com/books/1351276662m/304027.jpg,2007,4.33
Viktor E. Frankl,Man's Search for Meaning,philosophy | spirituality | memoir | history | nonfiction | classics | psychology | biography,472,https://images.gr-assets.com/books/1467136625m/4069.jpg,2006,4.33
Colleen Hoover,"Maybe Someday (Maybe, #1)",fiction | young-adult | music | contemporary | chick-lit | romance,1110,https://images.gr-assets.com/books/1421002815m/24445517.jpg,2014,4.33
"Julia Child, Simone Beck, Louisette Bertholle",Mastering the Art of French Cooking,classics | nonfiction | cookbooks,2459,https://images.gr-assets.com/books/1333577773m/129650.jpg,2001,4.33
Sylvia Day,"Reflected in You (Crossfire, #2)",fiction | erotica | contemporary | chick-lit | romance,334,https://images.gr-assets.com/books/1477802540m/13596809.jpg,2012,4.33
"Eugene Bradley Coco, Ron Dias, J.M. Barrie, Walt Disney Company",Peter Pan (A Little Golden Book),fiction | comics | children | history | classics | fantasy | historical-fiction,2541,http://books.google.com/books/content?id=EK9bRPFH6LEC&printsec=frontcover&img=1&zoom=1&source=gbs_api,1989,4.32
Daniel James Brown,The Boys in the Boat: Nine Americans and Their Epic Quest for Gold at the 1936 Berlin Olympics,memoir | history | nonfiction | sports | biography,610,https://images.gr-assets.com/books/1354683116m/16158542.jpg,2013,4.32
Kevin Henkes,Chrysanthemum,fiction | children | classics | fantasy | humor,2409,http://books.google.com/books/content?id=c3zdAxrSV48C&printsec=frontcover&img=1&zoom=1&source=gbs_api,1996,4.31
Suzanne Collins,"Catching Fire (The Hunger Games, #2)",fiction | young-adult | fantasy | romance | science-fiction,17,https://images.gr-assets.com/books/1358273780m/6148028.jpg,2009,4.3
Elle Kennedy,"The Deal (Off-Campus, #1)",contemporary | humor | sports | romance,2178,http://books.google.com/books/content?id=hE1jDwAAQBAJ&printsec=frontcover&img=1&zoom=1&edge=curl&source=gbs_api,2015,4.3
Atsushi Ohkubo,"Soul Eater, Vol. 01 (Soul Eater, #1)",comics | young-adult | manga | fantasy | graphic-novels,2537,https://images.gr-assets.com/books/1443900841m/6406018.jpg,2009,4.3
"Fyodor Dostoyevsky, Richard Pevear, Larissa Volokhonsky",The Brothers Karamazov,classics | religion | fiction | philosophy,485,https://images.gr-assets.com/books/1427728126m/4934.jpg,2002,4.3
Orson Scott Card,"Ender's Game (Ender's Saga, #1)",fiction | young-adult | classics | fantasy | science-fiction,70,https://images.gr-assets.com/books/1408303130m/375802.jpg,2004,4.3
"Robert Kirkman, Tony Moore","The Walking Dead, Vol. 01: Days Gone Bye",fiction | comics | horror | fantasy | graphic-novels,502,https://images.gr-assets.com/books/1389233242m/138398.jpg,2013,4.3
J.R. Ward,"Lover Revealed (Black Dagger Brotherhood, #4)",fiction | erotica | fantasy | paranormal | romance,1291,http://books.google.com/books/content?id=PDKAAAAACAAJ&printsec=frontcover&img=1&zoom=1&source=gbs_api,2007,4.3
"Elie Wiesel, Marion Wiesel",Night (The Night Trilogy #1),memoir | history | nonfiction | classics | biography,87,https://images.gr-assets.com/books/1473495285m/1617.jpg,2006,4.3
"Neil Gaiman, Sam Kieth, Mike Dringenberg, Malcolm Jones III, Todd Klein, Karen  Berger",Preludes and Nocturnes (The Sandman #1),fiction | comics | horror | fantasy | graphic-novels,766,https://images.gr-assets.com/books/1411609637m/23754.jpg,1998,4.3
Brandon Sanderson,"Shadows of Self (Mistborn, #5)",steampunk | fiction | fantasy | mystery,2792,https://images.gr-assets.com/books/1435053013m/16065004.jpg,2015,4.3
"Dr. Seuss, לאה נאור",Green Eggs and Ham,poetry | fiction | young-adult | classics | fantasy | humor,157,https://images.gr-assets.com/books/1468680100m/23772.jpg,1988,4.29
Stephen King,11/22/63,fiction | horror | mystery | fantasy | science-fiction | historical-fiction | thriller,295,https://images.gr-assets.com/books/1327876792m/10644930.jpg,2011,4.29
"Roald Dahl, Quentin Blake",Matilda,fiction | young-adult | classics | fantasy | humor,184,http://books.google.com/books/content?id=rSE4j-kKv7oC&printsec=frontcover&img=1&zoom=1&source=gbs_api,1998,4.29
Don Freeman,A Pocket for Corduroy,fiction | young-adult | children | classics | fantasy,2260,http://books.google.com/books/content?id=v_BvDwAAQBAJ&printsec=frontcover&img=1&zoom=1&source=gbs_api,1978,4.29
Shel Silverstein,Where the Sidewalk Ends,poetry | fiction | young-adult | classics | fantasy | humor,50,https://images.gr-assets.com/books/1168052448m/30119.jpg,2002,4.29
Naoko Takeuchi,"Sailor Moon, #1 (Sailor Moon, #1)",fiction | comics | young-adult | manga | fantasy | romance | graphic-novels,2894,https://images.gr-assets.com/books/1327981776m/500503.jpg,2003,4.29
"Antoine de Saint-Exupéry, Richard Howard, Dom Marcos Barbosa, Melina Karakosta",The Little Prince,philosophy | fiction | young-adult | classics | fantasy,80,https://images.gr-assets.com/books/1367545443m/157993.jpg,2000,4.28
Margaret Mitchell,Gone with the Wind,classics | historical-fiction | fiction | romance,66,https://images.gr-assets.com/books/1328025229m/18405.jpg,1999,4.28
"Margaret Wise Brown, Clement Hurd",Goodnight Moon,classics | poetry | fiction | young-adult,339,http://books.google.com/books/content?id=lLYOrikgtJoC&printsec=frontcover&img=1&zoom=1&source=gbs_api,2007,4.27
Christopher McDougall,"Born to Run: A Hidden Tribe, Superathletes, and the Greatest Race the World Has Never Seen",science | memoir | nonfiction | sports | travel | biography,677,https://images.gr-assets.com/books/1320531983m/6289283.jpg,2009,4.27
Jojo Moyes,"Me Before You (Me Before You, #1)",fiction | young-adult | ebooks | contemporary | chick-lit | romance,112,https://images.gr-assets.com/books/1357108762m/15507958.jpg,2012,4.27
Hanya Yanagihara,A Little Life,lgbt | contemporary | fiction,1198,https://images.gr-assets.com/books/1446469353m/22822858.jpg,2015,4.27
Christopher Moore,"Lamb: The Gospel According to Biff, Christ's Childhood Pal",fiction | religion | fantasy | historical-fiction | humor,743,https://images.gr-assets.com/books/1331419009m/28881.jpg,2004,4.26
"Yoshiki Nakamura, Tomo Kimura","Skip Beat!, Vol. 01",comics | young-adult | manga | romance | graphic-novels | humor,2099,https://images.gr-assets.com/books/1173395297m/282282.jpg,2006,4.26
Rumiko Takahashi,"InuYasha: Turning Back Time (InuYasha, #1)",comics | young-adult | manga | fantasy | romance | graphic-novels | historical-fiction,1828,https://images.gr-assets.com/books/1288648681m/330744.jpg,2003,4.26
Khaled Hosseini,The Kite Runner,classics | historical-fiction | contemporary | fiction,11,https://images.gr-assets.com/books/1484565687m/77203.jpg,2004,4.26
Fannie Flagg,Fried Green Tomatoes at the Whistle Stop Cafe,fiction | lgbt | classics | chick-lit | historical-fiction | humor,409,http://books.google.com/books/content?id=rcuVPwAACAAJ&printsec=frontcover&img=1&zoom=1&source=gbs_api,2002,4.26
John Green,The Fault in Our Stars,contemporary | fiction | young-adult | romance,6,https://images.gr-assets.com/books/1360206420m/11870085.jpg,2012,4.26
Philip Pullman,His Dark Materials (His Dark Materials #1-3),fiction | young-adult | steampunk | classics | fantasy | science-fiction,937,http://books.google.com/books/content?id=zBFkAAAACAAJ&printsec=frontcover&img=1&zoom=1&source=gbs_api,2003,4.25
Harper Lee,To Kill a Mockingbird,classics | historical-fiction | fiction | young-adult,4,https://images.gr-assets.com/books/1361975680m/2657.jpg,2006,4.25
William Goldman,The Princess Bride ,fiction | young-adult | classics | fantasy | romance | humor,89,https://images.gr-assets.com/books/1327903636m/21787.jpg,2003,4.25
"Alan Moore, David   Lloyd",V for Vendetta,fiction | comics | classics | fantasy | graphic-novels | science-fiction,365,https://images.gr-assets.com/books/1343668985m/5805.jpg,2005,4.25
Brandon Sanderson,"The Rithmatist (The Rithmatist, #1)",fiction | young-adult | steampunk | mystery | fantasy | science-fiction,3147,http://books.google.com/books/content?id=iABpAwAAQBAJ&printsec=frontcover&img=1&zoom=1&edge=curl&source=gbs_api,2014,4.25
"Brian K. Vaughan, Fiona Staples","Saga, Vol. 1 (Saga, #1)",fiction | comics | fantasy | romance | graphic-novels | science-fiction,1029,https://images.gr-assets.com/books/1486028947m/15704307.jpg,2012,4.25
Michael   Lewis,Moneyball: The Art of Winning an Unfair Game,science | history | nonfiction | business | sports | biography,1154,http://books.google.com/books/content?id=3DnUCWSnci0C&printsec=frontcover&img=1&zoom=1&edge=curl&source=gbs_api,2004,4.24
Jeannette Walls,The Glass Castle,memoir | contemporary | nonfiction | biography,81,https://images.gr-assets.com/books/1400930557m/7445.jpg,2006,4.24
Abbi Glines,"While It Lasts (Sea Breeze, #3)",fiction | young-adult | contemporary | chick-lit | romance | sports,2776,https://images.gr-assets.com/books/1332261619m/13496738.jpg,2012,4.24
Crockett Johnson,Harold and the Purple Crayon,fiction | young-adult | art | classics | fantasy,888,https://images.gr-assets.com/books/1327390957m/98573.jpg,1996,4.24
Jane Austen,Pride and Prejudice,classics | historical-fiction | fiction | romance,10,https://images.gr-assets.com/books/1320399351m/1885.jpg,2000,4.24
Samantha Young,"On Dublin Street (On Dublin Street, #1)",fiction | erotica | contemporary | chick-lit | romance,796,https://images.gr-assets.com/books/1490401910m/15760001.jpg,2012,4.24
Bryan Lee O'Malley,"Scott Pilgrim, Volume 2: Scott Pilgrim vs. The World",fiction | comics | young-adult | fantasy | manga | romance | graphic-novels | humor,2110,http://books.google.com/books/content?id=ieoWAAAACAAJ&printsec=frontcover&img=1&zoom=1&source=gbs_api,2005,4.24
Frank E. Peretti,"This Present Darkness (Darkness, #1)",spirituality | christian | fiction | religion | fantasy | thriller,1218,http://books.google.com/books/content?id=eFBOvBvKqE4C&printsec=frontcover&img=1&zoom=1&source=gbs_api,2003,4.24
"C.S. Lewis, Pauline Baynes","The Chronicles of Narnia (Chronicles of Narnia, #1-7)",christian | fiction | young-adult | classics | fantasy,219,https://images.gr-assets.com/books/1449868701m/11127.jpg,2002,4.24
Veronica Roth,"Divergent (Divergent, #1)",fiction | young-adult | fantasy | romance | science-fiction,12,https://images.gr-assets.com/books/1328559506m/13335037.jpg,2012,4.24
"Karuho Shiina, Tomo Kimura","Kimi ni Todoke: From Me to You, Vol. 1",comics | young-adult | contemporary | manga | romance | graphic-novels,2656,http://books.google.com/books/content?id=VTNWtwEACAAJ&printsec=frontcover&img=1&zoom=1&source=gbs_api,2009,4.23
"Frank Miller, David Mazzucchelli, Richmond Lewis, Dennis O'Neil",Batman: Year One,fiction | comics | fantasy | crime | graphic-novels,532,https://images.gr-assets.com/books/1327940389m/59980.jpg,2007,4.23
Jan Brett,The Mitten,fiction | children | classics | fantasy | humor,1632,http://books.google.com/books/content?id=RChaAAAAYAAJ&printsec=frontcover&img=1&zoom=1&source=gbs_api,1989,4.23
Brian Selznick,The Invention of Hugo Cabret,fiction | young-adult | mystery | fantasy | graphic-novels | historical-fiction,808,https://images.gr-assets.com/books/1422312376m/9673436.jpg,2007,4.23
Agatha Christie,And Then There Were None,fiction | suspense | mystery | classics | crime | thriller,200,https://images.gr-assets.com/books/1391120695m/16299.jpg,2004,4.23
"Natsuki Takaya, Alethea Nibley, Athena Nibley","Fruits Basket, Vol. 1",fiction | comics | young-adult | manga | fantasy | romance | graphic-novels,803,http://books.google.com/books/content?id=LyTytQEACAAJ&printsec=frontcover&img=1&zoom=1&source=gbs_api,2004,4.23
"Marjane Satrapi, Mattias Ripa","Persepolis: The Story of a Childhood (Persepolis, #1)",comics | memoir | history | nonfiction | graphic-novels | biography,828,https://images.gr-assets.com/books/1425871473m/9516.jpg,2004,4.23
Mark Cotta Vaz,Twilight: The Complete Illustrated Movie Companion,fiction | young-adult | fantasy | paranormal | romance,220,https://images.gr-assets.com/books/1352539022m/3609760.jpg,2008,4.23
Tite Kubo,"Bleach, Volume 01",fiction | comics | young-adult | manga | fantasy | paranormal | graphic-novels,720,http://books.google.com/books/content?id=H6YT1otBVgkC&printsec=frontcover&img=1&zoom=1&source=gbs_api,2004,4.21
Cassandra Clare,"City of Ashes (The Mortal Instruments, #2)",fiction | young-adult | fantasy | paranormal | romance,153,https://images.gr-assets.com/books/1432730356m/1582996.jpg,2008,4.21
Abbi Glines,"Never Too Far (Rosemary Beach, #2; Too Far, #2)",fiction | young-adult | erotica | contemporary | chick-lit | romance,1295,https://images.gr-assets.com/books/1356822956m/17029526.jpg,2013,4.21
Stephen Chbosky,The Perks of Being a Wallflower,fiction | young-adult | lgbt | classics | contemporary | romance,68,https://images.gr-assets.com/books/1167352178m/22628.jpg,1999,4.21
J.R. Ward,"Dark Lover (Black Dagger Brotherhood, #1)",fiction | erotica | fantasy | paranormal | romance,433,https://images.gr-assets.com/books/1429676285m/42899.jpg,2005,4.21
Abbi Glines,"Fallen Too Far (Rosemary Beach, #1; Too Far, #1)",fiction | young-adult | erotica | contemporary | chick-lit | romance,812,https://images.gr-assets.com/books/1349565157m/16070903.jpg,2012,4.21
"Daphne du Maurier, Sally Beauman",Rebecca,fiction | suspense | mystery | classics | romance | historical-fiction | thriller,270,https://images.gr-assets.com/books/1327871977m/12873.jpg,2013,4.2
Laura Hillenbrand,Seabiscuit: An American Legend,history | nonfiction | sports | biography,767,https://images.gr-assets.com/books/1171644213m/110737.jpg,2003,4.2
Joe Simpson,Touching the Void: The True Story of One Man's Miraculous Survival,memoir | nonfiction | sports | travel | biography,2436,http://books.google.com/books/content?id=X_Z9aSqA4lAC&printsec=frontcover&img=1&zoom=1&source=gbs_api,2004,4.2
Douglas Adams,"The Hitchhiker's Guide to the Galaxy (Hitchhiker's Guide to the Galaxy, #1)",fiction | classics | fantasy | science-fiction | humor,54,https://images.gr-assets.com/books/1327656754m/11.jpg,2007,4.2
Liane Moriarty,Big Little Lies,fiction | suspense | mystery | ebooks | contemporary | romance | chick-lit | crime | humor | thriller,262,https://images.gr-assets.com/books/1492239430m/19486412.jpg,2014,4.2
Chuck Palahniuk,Fight Club,philosophy | fiction | horror | suspense | mystery | classics | contemporary | ebooks | crime | psychology | humor | thriller,196,https://images.gr-assets.com/books/1357128997m/5759.jpg,2005,4.2
Simms Taback,There Was an Old Lady Who Swallowed a Fly,poetry | fiction | children | music | classics | fantasy | humor,2438,https://images.gr-assets.com/books/1172674507m/205330.jpg,1997,4.2
Brandon Sanderson,"The Alloy of Law (Mistborn, #4)",science-fiction | fiction | fantasy | steampunk,1200,http://books.google.com/books/content?id=34fV6RKOFpQC&printsec=frontcover&img=1&zoom=1&source=gbs_api,2011,4.2
"Stieg Larsson, Reg Keeland","The Girl Who Kicked the Hornet's Nest (Millennium, #3)",fiction | suspense | mystery | contemporary | crime | thriller,140,https://images.gr-assets.com/books/1327708260m/6892870.jpg,2010,4.2
Sylvia Day,"Entwined with You (Crossfire, #3)",fiction | erotica | contemporary | chick-lit | romance,676,https://images.gr-assets.com/books/1362526983m/15731779.jpg,2013,4.19
Rainbow Rowell,Carry On,fiction | young-adult | lgbt | fantasy | romance,1671,https://images.gr-assets.com/books/1429810397m/23734628.jpg,2017,4.19
Raina Telgemeier,Smile,fiction | comics | young-adult | graphic-novels | humor,845,https://images.gr-assets.com/books/1438206850m/6393631.jpg,2010,4.19
Neal Stephenson,"The Diamond Age: or, A Young Lady's Illustrated Primer",science-fiction | fiction | fantasy | steampunk,1519,http://books.google.com/books/content?id=Xg4izgEACAAJ&printsec=frontcover&img=1&zoom=1&source=gbs_api,2000,4.19
Maya Angelou,I Know Why the Caged Bird Sings,poetry | memoir | nonfiction | classics | biography,317,https://images.gr-assets.com/books/1327957927m/13214.jpg,1993,4.19
C.S. Lewis,"The Lion, the Witch, and the Wardrobe (Chronicles of Narnia, #1)",christian | fiction | young-adult | classics | fantasy,37,https://images.gr-assets.com/books/1353029077m/100915.jpg,2005,4.19
Sylvia Day,"Bared to You (Crossfire, #1)",fiction | erotica | contemporary | chick-lit | romance,218,https://images.gr-assets.com/books/1477803272m/13572249.jpg,2014,4.19
Bill Bryson,A Short History of Nearly Everything,philosophy | science | history | nonfiction | humor,374,http://books.google.com/books/content?id=YjAnfhsAQ8wC&printsec=frontcover&img=1&zoom=1&source=gbs_api,2004,4.19
Frank Herbert,Dune (Dune Chronicles #1),fiction | science | young-adult | religion | classics | ebooks | fantasy,126,https://images.gr-assets.com/books/1434908555m/234225.jpg,2006,4.19
Bryan Lee O'Malley,"Scott Pilgrim, Volume 1: Scott Pilgrim's Precious Little Life",fiction | comics | young-adult | fantasy | manga | romance | graphic-novels | humor,753,http://books.google.com/books/content?id=dX1QAAAAMAAJ&printsec=frontcover&img=1&zoom=1&source=gbs_api,2004,4.18
Ken Kesey,One Flew Over the Cuckoo's Nest,classics | contemporary | fiction | psychology,129,https://images.gr-assets.com/books/1485308778m/332613.jpg,2063,4.18
"Fyodor Dostoyevsky, David McDuff",Crime and Punishment,classics | fiction | philosophy | crime,177,https://images.gr-assets.com/books/1382846449m/7144.jpg,2002,4.18
"Andre Agassi, J.R. Moehringer",Open,memoir | sports | nonfiction | biography,1615,https://images.gr-assets.com/books/1320520930m/6480781.jpg,2009,4.18
Stephen King,It,fiction | horror | mystery | classics | fantasy | paranormal | thriller,176,https://images.gr-assets.com/books/1309376909m/18342.jpg,1987,4.18
Neil Gaiman,Neverwhere,fiction | young-adult | horror | fantasy | science-fiction,322,https://images.gr-assets.com/books/1348747943m/14497.jpg,2003,4.18
Nicole  Williams,"Clash (Crash, #2)",fiction | young-adult | contemporary | chick-lit | romance | sports,3434,https://images.gr-assets.com/books/1345393364m/15835685.jpg,2012,4.17
Alice Walker,The Color Purple,fiction | lgbt | history | classics | contemporary | ebooks | romance | historical-fiction,198,http://books.google.com/books/content?id=kCIGPi0G49cC&printsec=frontcover&img=1&zoom=1&source=gbs_api,1985,4.17
"David Cote, Stephen Schwartz, Joan Marcus, Winnie Holzman",Wicked: The Grimmerie,fiction | fantasy | music,1884,http://books.google.com/books/content?id=GOIHAQAAMAAJ&printsec=frontcover&img=1&zoom=1&source=gbs_api,2005,4.17
Wally Lamb,I Know This Much Is True,psychology | contemporary | fiction,304,https://images.gr-assets.com/books/1373532198m/227711.jpg,1999,4.17
Allie Brosh,"Hyperbole and a Half: Unfortunate Situations, Flawed Coping Mechanisms, Mayhem, and Other Things That Happened",comics | memoir | nonfiction | graphic-novels | humor | biography,721,https://images.gr-assets.com/books/1409522492m/17571564.jpg,2013,4.17
Michael Chabon,The Amazing Adventures of Kavalier and Clay,historical-fiction | contemporary | fiction | comics,516,https://images.gr-assets.com/books/1479660066m/3985.jpg,2001,4.17
Napoleon Hill,Think and Grow Rich: The Landmark Bestseller - Now Revised and Updated for the 21st Century,business | philosophy | psychology | nonfiction,680,http://books.google.com/books/content?id=HO-cnF0abjgC&printsec=frontcover&img=1&zoom=1&source=gbs_api,2016,4.17
Stephen King,The Shining (The Shining #1),fiction | horror | suspense | mystery | classics | fantasy | paranormal | thriller,72,https://images.gr-assets.com/books/1353277730m/11588.jpg,1980,4.17
"Gene Zion, Margaret Bloy Graham",Harry the Dirty Dog,classics | humor | fiction | children,2582,http://books.google.com/books/content?id=X5cmD_jKF9cC&printsec=frontcover&img=1&zoom=1&source=gbs_api,1956,4.17
Anita Diamant,The Red Tent,historical-fiction | religion | fiction,150,http://books.google.com/books/content?id=Saqfl3hXqfEC&printsec=frontcover&img=1&zoom=1&source=gbs_api,1997,4.16
Mitch Albom,Have a Little Faith: a True Story,spirituality | christian | memoir | religion | nonfiction | contemporary | biography,1440,http://books.google.com/books/content?id=hI8kAQAAMAAJ&printsec=frontcover&img=1&zoom=1&source=gbs_api,2009,4.16
"Julia Child, Alex Prud'Homme",My Life in France,cookbooks | memoir | nonfiction | travel | biography,1441,https://images.gr-assets.com/books/1395564378m/5084.jpg,2006,4.16
"Bill Martin Jr., Eric Carle","Polar Bear, Polar Bear, What Do You Hear?",poetry | fiction | science | children | classics,2096,http://books.google.com/books/content?id=YFFMgsOzm0QC&printsec=frontcover&img=1&zoom=1&source=gbs_api,1997,4.16
Michael   Lewis,The Blind Side: Evolution of a Game,memoir | nonfiction | business | sports | biography,1349,http://books.google.com/books/content?id=u31IgxB4_kUC&printsec=frontcover&img=1&zoom=1&edge=curl&source=gbs_api,2007,4.16
Sheila Burnford,The Incredible Journey,fiction | young-adult | children | classics | fantasy,2523,http://books.google.com/books/content?id=k6W7ROckyzAC&printsec=frontcover&img=1&zoom=1&source=gbs_api,1996,4.16
Bill Simmons,The Book of Basketball: The NBA According to The Sports Guy,history | nonfiction | humor | sports | biography,3222,https://images.gr-assets.com/books/1320424763m/4452257.jpg,2009,4.16
Edgar Allan Poe,The Tell-Tale Heart and Other Writings,poetry | fiction | horror | mystery | classics | fantasy,402,https://images.gr-assets.com/books/1327936583m/391729.jpg,2004,4.15
Dr. Seuss,The Cat in the Hat,poetry | fiction | classics | fantasy | humor,251,https://images.gr-assets.com/books/1468890477m/233093.jpg,1985,4.15
Jamie McGuire,"Beautiful Disaster (Beautiful, #1)",fiction | young-adult | contemporary | chick-lit | romance,203,https://images.gr-assets.com/books/1358259032m/11505797.jpg,2011,4.15
Nicholas Sparks,A Walk to Remember,christian | fiction | young-adult | classics | contemporary | ebooks | chick-lit | romance | historical-fiction,107,https://images.gr-assets.com/books/1385738968m/3473.jpg,2004,4.15
"Francis Chan, Danae Yankoski, Chris Tomlin",Crazy Love: Overwhelmed by a Relentless God,spirituality | christian | religion | nonfiction,797,https://images.gr-assets.com/books/1328763220m/3206011.jpg,2008,4.15
Kiera Cass,"The Selection (The Selection, #1)",fiction | young-adult | fantasy | chick-lit | romance | science-fiction,206,https://images.gr-assets.com/books/1322103400m/10507293.jpg,2012,4.15
"Peggy Parish, Fritz Siebel",Amelia Bedelia  (Amelia Bedelia #1),fiction | young-adult | children | classics | humor,1469,https://images.gr-assets.com/books/1353400157m/774001.jpg,1992,4.15
Marissa Meyer,"Cinder (The Lunar Chronicles, #1)",fiction | young-adult | steampunk | ebooks | fantasy | paranormal | romance | science-fiction,252,https://images.gr-assets.com/books/1470056948m/11235712.jpg,2012,4.15
Patti Smith,Just Kids,poetry | memoir | nonfiction | music | art | biography,775,https://images.gr-assets.com/books/1259762407m/341879.jpg,2010,4.14
Ned Vizzini,It's Kind of a Funny Story,fiction | young-adult | contemporary | romance | psychology,564,https://images.gr-assets.com/books/1420629730m/248704.jpg,2007,4.14
"George Orwell, Marcelo Pen, Erich Fromm, Amazing Améziane, Regina Silveira, Harald Sachse, Golo Mann, Irving Howe, Raymond Williams, Thomas Pynchon, Homi K. Bhabha, Martha C. Nussbaum, Bernard Crick, George Packer",1984,philosophy | fiction | horror | classics | ebooks | fantasy | science-fiction,13,https://images.gr-assets.com/books/1348990566m/5470.jpg,2009,4.14
William Peter Blatty,The Exorcist,fiction | horror | religion | classics | fantasy | paranormal | thriller,731,https://images.gr-assets.com/books/1375168676m/179780.jpg,1994,4.14
Thomas Harris,"The Silence of the Lambs  (Hannibal Lecter, #2)",fiction | horror | suspense | mystery | classics | crime | thriller,209,https://images.gr-assets.com/books/1390426249m/23807.jpg,2002,4.14
Nicholas Sparks,The Last Song,fiction | young-adult | contemporary | chick-lit | romance,169,https://images.gr-assets.com/books/1286549186m/6400090.jpg,2009,4.14
"Irma S. Rombauer, Marion Rombauer Becker, Ethan Becker",The Joy of Cooking,classics | nonfiction | cookbooks,913,https://images.gr-assets.com/books/1379313627m/327847.jpg,1997,4.14
Richelle Mead,"Vampire Academy (Vampire Academy, #1)",fiction | young-adult | fantasy | paranormal | romance,210,https://images.gr-assets.com/books/1361098973m/345627.jpg,2007,4.14
Jandy Nelson,I'll Give You the Sun,fiction | young-adult | lgbt | contemporary | romance,950,https://images.gr-assets.com/books/1496659336m/20820994.jpg,2014,4.14
"Allen Ginsberg, William Carlos Williams",Howl and Other Poems,classics | lgbt | poetry | fiction,1329,https://images.gr-assets.com/books/1327870926m/6295.jpg,2001,4.14
"Trenton Lee Stewart, Carson Ellis","The Mysterious Benedict Society (The Mysterious Benedict Society, #1)",fiction | young-adult | children | mystery | contemporary | fantasy | science-fiction | humor,1293,https://images.gr-assets.com/books/1342715444m/83369.jpg,2007,4.14
Dale Carnegie,How to Win Friends and Influence People,business | classics | psychology | nonfiction,260,https://images.gr-assets.com/books/1442726934m/4865.jpg,1998,4.13
E.L. James,"Fifty Shades Trilogy (Fifty Shades, #1-3)",fiction | erotica | contemporary | chick-lit | romance,843,https://images.gr-assets.com/books/1431573483m/13584236.jpg,2012,4.13
Jodi Ellen Malpas,"This Man (This Man, #1)",erotica | contemporary | fiction | romance,1470,https://images.gr-assets.com/books/1352790466m/16140036.jpg,2012,4.13
Alison Bechdel,Fun Home: A Family Tragicomic,comics | lgbt | memoir | nonfiction | graphic-novels | biography,1370,https://images.gr-assets.com/books/1327652831m/38990.jpg,2007,4.12
"Mary Ann Shaffer, Annie Barrows",The Guernsey Literary and Potato Peel Pie Society,fiction | history | classics | contemporary | ebooks | chick-lit | romance | historical-fiction | humor,195,https://images.gr-assets.com/books/1351979318m/2728527.jpg,2008,4.12
"Stephen Hawking, Cao Chi, Phạm Văn Thiều",A Brief History of Time,philosophy | science | history | nonfiction | classics,439,https://images.gr-assets.com/books/1333578746m/3869.jpg,1998,4.12
Cassandra Clare,"City of Bones (The Mortal Instruments, #1)",fiction | young-adult | fantasy | paranormal | romance,51,https://images.gr-assets.com/books/1432730315m/256683.jpg,2007,4.12
"Neil Gaiman, Dave McKean",The Graveyard Book,fiction | young-adult | horror | fantasy | paranormal,312,https://images.gr-assets.com/books/1303859949m/2213661.jpg,2008,4.12
S.C. Stephens,"Thoughtless (Thoughtless, #1)",fiction | young-adult | music | contemporary | chick-lit | romance,965,https://images.gr-assets.com/books/1331254339m/13517535.jpg,2011,4.12
Joel Fuhrman,Eat to Live: The Revolutionary Formula for Fast and Sustained Weight Loss,nonfiction | cookbooks,9379,http://books.google.com/books/content?id=gwksvgEACAAJ&printsec=frontcover&img=1&zoom=1&source=gbs_api,2005,4.12
Lois Lowry,"The Giver (The Giver, #1)",fiction | young-adult | classics | fantasy | science-fiction,36,https://images.gr-assets.com/books/1342493368m/3636.jpg,2006,4.12
Miguel Ruiz,The Four Agreements: A Practical Guide to Personal Freedom,philosophy | spirituality | religion | nonfiction | business | psychology,790,http://books.google.com/books/content?id=RkvTnQEACAAJ&printsec=frontcover&img=1&zoom=1&source=gbs_api,2001,4.12
"Ian Edginton, I.N.J. Culbard, Oscar Wilde",The Picture of Dorian Gray: A Graphic Novel,fiction | comics | horror | children | science | young-adult | mystery | classics | fantasy | manga | graphic-novels | science-fiction,2484,https://images.gr-assets.com/books/1328766635m/3052106.jpg,2008,4.12
John Grogan,Marley and Me: Life and Love With the World's Worst Dog,memoir | nonfiction | contemporary | humor | biography,199,https://images.gr-assets.com/books/1308858322m/12691.jpg,2005,4.12
H.G. Bissinger,"Friday Night Lights: A Town, a Team, and a Dream",history | nonfiction | sports | biography,2362,http://books.google.com/books/content?id=M1UzngEACAAJ&printsec=frontcover&img=1&zoom=1&source=gbs_api,2004,4.11
Jon Krakauer,Into Thin Air: A Personal Account of the Mount Everest Disaster,memoir | history | nonfiction | sports | travel | biography,236,https://images.gr-assets.com/books/1463384482m/1898.jpg,1999,4.11
"Stieg Larsson, Reg Keeland","The Girl with the Dragon Tattoo (Millennium, #1)",fiction | suspense | mystery | contemporary | crime | thriller,16,https://images.gr-assets.com/books/1327868566m/2429135.jpg,2008,4.11
"Roald Dahl, Quentin Blake","Charlie and the Chocolate Factory (Charlie Bucket, #1)",fiction | young-adult | classics | fantasy | humor,158,https://images.gr-assets.com/books/1309211401m/6310.jpg,2005,4.1
"Anthony Kiedis, Larry Sloman",Scar Tissue,nonfiction | memoir | music | biography,1844,http://books.google.com/books/content?id=g04AAgAACAAJ&printsec=frontcover&img=1&zoom=1&source=gbs_api,2005,4.1
"Matsuri Hino, Tomo Kimura","Vampire Knight, Vol. 1 (Vampire Knight, #1)",comics | young-adult | manga | paranormal | fantasy | romance | graphic-novels,1126,https://images.gr-assets.com/books/1329232329m/263145.jpg,2007,4.1
Alice Clayton,"Wallbanger (Cocktail, #1)",fiction | erotica | contemporary | chick-lit | romance | humor,942,https://images.gr-assets.com/books/1352205960m/15858248.jpg,2012,4.1
"Anne Frank, Eleanor Roosevelt, B.M. Mooyaart-Doubleday",The Diary of a Young Girl,memoir | history | nonfiction | classics | biography,15,https://images.gr-assets.com/books/1358276407m/48855.jpg,1993,4.1
"Charlotte Brontë, Michael Mason",Jane Eyre,classics | historical-fiction | fiction | romance,43,https://images.gr-assets.com/books/1327867269m/10210.jpg,2003,4.1
Lee Strobel,The Case for Christ,spirituality | christian | religion | history | nonfiction,1277,https://images.gr-assets.com/books/1448776489m/73186.jpg,1998,4.1
Dinah Bucholz,The Unofficial Harry Potter Cookbook: From Cauldron Cakes to Knickerbocker Glory--More Than 150 Magical Recipes for Wizards and Non-Wizards Alike (Unofficial Cookbook),nonfiction | cookbooks,8932,http://books.google.com/books/content?id=weHxzQEACAAJ&printsec=frontcover&img=1&zoom=1&source=gbs_api,2010,4.1
Philip Pullman,"The Subtle Knife (His Dark Materials, #2)",fiction | young-adult | children | religion | steampunk | classics | ebooks | fantasy | science-fiction,368,https://images.gr-assets.com/books/1451271814m/119324.jpg,1997,4.1
Eckhart Tolle,The Power of Now: A Guide to Spiritual Enlightenment,philosophy | spirituality | religion | nonfiction | psychology,744,http://books.google.com/books/content?id=NFQ7DwAAQBAJ&printsec=frontcover&img=1&zoom=1&edge=curl&source=gbs_api,2004,4.1
"Dallas Hartwig, Melissa Hartwig",It Starts with Food: Discover the Whole30 and Change Your Life in Unexpected Ways,nonfiction | cookbooks,5453,https://images.gr-assets.com/books/1364140054m/13193855.jpg,2012,4.09
Walter Isaacson,Steve Jobs,memoir | history | nonfiction | business | biography,128,https://images.gr-assets.com/books/1327861368m/11084145.jpg,2011,4.09
"Irving Stone, שמואל שניצר",The Agony and the Ecstasy,art | classics | historical-fiction | fiction,1466,https://images.gr-assets.com/books/1327879079m/321552.jpg,1961,4.09
Dave Pelzer,"A Child Called ""It"" (Dave Pelzer #1)",psychology | memoir | nonfiction | biography,221,http://books.google.com/books/content?id=doyjAgAAQBAJ&printsec=frontcover&img=1&zoom=1&edge=curl&source=gbs_api,1995,4.08
"C.S. Lewis, Pauline Baynes","The Voyage of the Dawn Treader (Chronicles of Narnia, #3)",christian | fiction | young-adult | classics | fantasy,292,https://images.gr-assets.com/books/1343185059m/140225.jpg,2006,4.08
Mark Bittman,How to Cook Everything Vegetarian: Simple Meatless Recipes for Great Food,nonfiction | cookbooks,6988,http://books.google.com/books/content?id=9tjZwAEACAAJ&printsec=frontcover&img=1&zoom=1&source=gbs_api,2007,4.08
Daniel Kahneman,"Thinking, Fast and Slow",philosophy | science | nonfiction | business | psychology,619,https://images.gr-assets.com/books/1317793965m/11468377.jpg,2011,4.08
"Hunter S. Thompson, Ralph Steadman",Fear and Loathing in Las Vegas,fiction | classics | contemporary | humor | travel,350,https://images.gr-assets.com/books/1394204569m/7745.jpg,1998,4.08
Arthur Golden,Memoirs of a Geisha,classics | historical-fiction | fiction | romance,33,http://books.google.com/books/content?id=GNw7PgAACAAJ&printsec=frontcover&img=1&zoom=1&source=gbs_api,2005,4.08
"Milan Kundera, Michael Henry Heim",The Unbearable Lightness of Being,philosophy | fiction | classics | contemporary | romance,323,https://images.gr-assets.com/books/1265401884m/9717.jpg,2009,4.08
Daniel Keyes,Flowers for Algernon,fiction | science | young-adult | classics | contemporary | fantasy | ebooks | psychology | science-fiction,271,https://images.gr-assets.com/books/1367141311m/18373.jpg,2005,4.07
Sebastian Junger,The Perfect Storm: A True Story of Men Against the Sea,science | history | nonfiction | travel | biography,1048,http://books.google.com/books/content?id=KdYWtAEACAAJ&printsec=frontcover&img=1&zoom=1&source=gbs_api,2009,4.07
Sara Gruen,Water for Elephants,historical-fiction | contemporary | fiction | romance,46,https://images.gr-assets.com/books/1494428973m/43641.jpg,2007,4.07
Frank McCourt,"Angela's Ashes (Frank McCourt, #1)",memoir | history | nonfiction | classics | biography,179,http://books.google.com/books/content?id=5KBImUDYq2QC&printsec=frontcover&img=1&zoom=1&source=gbs_api,2005,4.07
Jodi Picoult,My Sister's Keeper,contemporary | fiction | young-adult | chick-lit,64,https://images.gr-assets.com/books/1369504683m/10917.jpg,2005,4.06
"Jane Austen, Tony Tanner, Ros Ballaster",Sense and Sensibility,classics | historical-fiction | fiction,76,https://images.gr-assets.com/books/1397245675m/14935.jpg,2003,4.06
Margaret Atwood,The Handmaid's Tale,classics | science-fiction | fiction | fantasy,119,https://images.gr-assets.com/books/1498057733m/38447.jpg,1998,4.06
"Malala Yousafzai, Christina Lamb",I Am Malala: The Story of the Girl Who Stood Up for Education and Was Shot by the Taliban,memoir | history | nonfiction | biography,470,https://images.gr-assets.com/books/1375414895m/17851885.jpg,2013,4.06
Kurt Vonnegut Jr.,Slaughterhouse-Five,fiction | classics | fantasy | science-fiction | historical-fiction,65,https://images.gr-assets.com/books/1440319389m/4981.jpg,1999,4.06
"Mitch Albom, Saulius Dagys",Tuesdays with Morrie,philosophy | memoir | nonfiction | classics | contemporary | biography,114,https://images.gr-assets.com/books/1423763749m/6900.jpg,2000,4.06
"Oscar Wilde, Jeffrey Eugenides",The Picture of Dorian Gray,fiction | horror | lgbt | classics | fantasy,95,https://images.gr-assets.com/books/1424596966m/5297.jpg,2004,4.06
Nicholas Sparks,"The Notebook (The Notebook, #1)",fiction | young-adult | classics | contemporary | ebooks | chick-lit | romance | historical-fiction,44,https://images.gr-assets.com/books/1385738917m/15931.jpg,1997,4.06
Philip Pullman,"The Amber Spyglass (His Dark Materials, #3)",fiction | young-adult | steampunk | fantasy | science-fiction,480,https://images.gr-assets.com/books/1329189152m/18122.jpg,2003,4.06
Gayle Forman,"Where She Went (If I Stay, #2)",fiction | young-adult | music | contemporary | romance,475,https://images.gr-assets.com/books/1347810457m/8492825.jpg,2011,4.06
Sarah Dessen,Just Listen,fiction | young-adult | music | contemporary | chick-lit | romance,443,https://images.gr-assets.com/books/1358270741m/51738.jpg,2006,4.06
Christina Lauren,"Beautiful Bastard (Beautiful Bastard, #1)",fiction | erotica | contemporary | chick-lit | romance | humor,1143,https://images.gr-assets.com/books/1362258921m/16102004.jpg,2013,4.05
Bill Bryson,In a Sunburned Country,memoir | history | nonfiction | humor | travel | biography,1460,http://books.google.com/books/content?id=7ZELqUsksIwC&printsec=frontcover&img=1&zoom=1&source=gbs_api,2001,4.05
Truman Capote,In Cold Blood,history | nonfiction | mystery | classics | crime | thriller | biography,181,https://images.gr-assets.com/books/1424931136m/168642.jpg,1994,4.05
Ruth Reichl,Tender at the Bone: Growing Up at the Table,nonfiction | memoir | cookbooks | biography,3546,http://books.google.com/books/content?id=osbDzuqeW8MC&printsec=frontcover&img=1&zoom=1&source=gbs_api,1999,4.05
Bill Bryson,A Walk in the Woods,memoir | history | nonfiction | humor | travel | biography,316,http://books.google.com/books/content?id=TBJHPgAACAAJ&printsec=frontcover&img=1&zoom=1&source=gbs_api,2006,4.05
Lisa See,Snow Flower and the Secret Fan,fiction | history | ebooks | contemporary | chick-lit | romance | historical-fiction,273,https://images.gr-assets.com/books/1327880508m/1103.jpg,2006,4.05
David McCullough,John Adams,history | nonfiction | biography,366,https://images.gr-assets.com/books/1478144278m/2203.jpg,2001,4.05
Stephen R. Covey,The 7 Habits of Highly Effective People: Powerful Lessons in Personal Change,business | philosophy | psychology | nonfiction,247,https://images.gr-assets.com/books/1421842784m/36072.jpg,2004,4.05
Louisa May Alcott,"Little Women (Little Women, #1)",fiction | young-adult | classics | romance | historical-fiction,42,http://books.google.com/books/content?id=m1C_wAEACAAJ&printsec=frontcover&img=1&zoom=1&source=gbs_api,2004,4.04
Madeleine L'Engle,"A Wrinkle in Time (A Wrinkle in Time Quintet, #1)",fiction | young-adult | children | classics | fantasy | science-fiction,117,https://images.gr-assets.com/books/1329061522m/18131.jpg,1973,4.04
James C. Collins,Good to Great: Why Some Companies Make the Leap... and Others Don't,business | nonfiction,932,http://books.google.com/books/content?id=P0PJw8qQ__AC&printsec=frontcover&img=1&zoom=1&source=gbs_api,2001,4.04
Rebecca Skloot,The Immortal Life of Henrietta Lacks,history | nonfiction | science | biography,208,https://images.gr-assets.com/books/1327878144m/6493208.jpg,2010,4.04
Ernest Hemingway,A Moveable Feast,memoir | nonfiction | classics | travel | biography,1031,https://images.gr-assets.com/books/1427463201m/4631.jpg,2012,4.04
Susan Elizabeth Phillips,"It Had to Be You (Chicago Stars, #1)",fiction | contemporary | chick-lit | romance | humor | sports,2706,https://images.gr-assets.com/books/1297088239m/73070.jpg,2002,4.04
Philippa Gregory,"The Other Boleyn Girl (The Plantagenet and Tudor Novels, #9)",historical-fiction | fiction | chick-lit | romance,186,https://images.gr-assets.com/books/1355932638m/37470.jpg,2003,4.04
Susan Cain,Quiet: The Power of Introverts in a World That Can't Stop Talking,business | psychology | nonfiction | science,385,https://images.gr-assets.com/books/1328562861m/8520610.jpg,2012,4.04
Carol Rifka Brunt,Tell the Wolves I'm Home,fiction | young-adult | lgbt | contemporary | historical-fiction,993,https://images.gr-assets.com/books/1335450415m/12875258.jpg,2012,4.04
Jandy Nelson,The Sky Is Everywhere,fiction | young-adult | music | contemporary | chick-lit | romance,1767,https://images.gr-assets.com/books/1496659743m/6604794.jpg,2010,4.04
Suzanne Collins,"Mockingjay (The Hunger Games, #3)",fiction | young-adult | fantasy | romance | science-fiction,20,https://images.gr-assets.com/books/1358275419m/7260188.jpg,2010,4.03
John Grisham,A Time to Kill,fiction | suspense | mystery | crime | thriller,86,http://books.google.com/books/content?id=xyP0zKDKO8UC&printsec=frontcover&img=1&zoom=1&source=gbs_api,2004,4.03
Janet Evanovich,"One for the Money (Stephanie Plum, #1)",fiction | mystery | contemporary | romance | chick-lit | crime | humor,207,https://images.gr-assets.com/books/1316730230m/6853.jpg,2006,4.03
Charles Duhigg,The Power of Habit: Why We Do What We Do in Life and Business,business | psychology | nonfiction | science,537,https://images.gr-assets.com/books/1366758683m/12609433.jpg,2012,4.03
Neil Gaiman,Coraline,fiction | young-adult | horror | fantasy | paranormal,282,https://images.gr-assets.com/books/1493497435m/17061.jpg,2006,4.03
Sarah Dessen,This Lullaby,fiction | young-adult | music | contemporary | chick-lit | romance,615,https://images.gr-assets.com/books/1397779294m/22205.jpg,2004,4.03
Emma Donoghue,Room,fiction | young-adult | horror | suspense | mystery | ebooks | contemporary | crime | psychology | thriller,124,https://images.gr-assets.com/books/1344265419m/7937843.jpg,2010,4.03
Eckhart Tolle,A New Earth: Awakening to Your Life's Purpose,philosophy | spirituality | religion | nonfiction | psychology,719,http://books.google.com/books/content?id=tGBHvgAACAAJ&printsec=frontcover&img=1&zoom=1&source=gbs_api,2006,4.02
Barbara Kingsolver,The Poisonwood Bible,classics | historical-fiction | religion | fiction,100,https://images.gr-assets.com/books/1412242487m/7244.jpg,2005,4.02
Ruth Reichl,Comfort Me with Apples: More Adventures at the Table,nonfiction | memoir | cookbooks | biography,6021,https://images.gr-assets.com/books/1339885200m/8725.jpg,2002,4.02
James Dashner,"The Maze Runner (Maze Runner, #1)",fiction | young-adult | mystery | fantasy | science-fiction,91,https://images.gr-assets.com/books/1375596592m/6186357.jpg,2009,4.02
Sylvain Reynard,"Gabriel's Inferno (Gabriel's Inferno, #1)",fiction | erotica | contemporary | chick-lit | romance,904,https://images.gr-assets.com/books/1301789770m/10140661.jpg,2011,4.02
C.S. Lewis,"The Last Battle (Chronicles of Narnia, #7)",christian | fiction | young-adult | classics | fantasy,641,https://images.gr-assets.com/books/1308814830m/84369.jpg,2005,4.02
Nicole  Williams,"Crash (Crash, #1)",fiction | young-adult | contemporary | chick-lit | romance | sports,3004,https://images.gr-assets.com/books/1342588706m/15757434.jpg,2012,4.02
Jay Asher,Thirteen Reasons Why,fiction | young-adult | mystery | ebooks | contemporary | romance | thriller,147,https://images.gr-assets.com/books/1333822506m/1217100.jpg,2007,4.02
Mark Bittman,How to Cook Everything: Simple Recipes for Great Food,nonfiction | cookbooks,2020,http://books.google.com/books/content?id=vQ3EGAAACAAJ&printsec=frontcover&img=1&zoom=1&source=gbs_api,1998,4.02
Sue Monk Kidd,The Secret Life of Bees,fiction | young-adult | classics | contemporary | chick-lit | historical-fiction,57,https://images.gr-assets.com/books/1473454532m/37435.jpg,2003,4.01
Max Brooks,World War Z: An Oral History of the Zombie War,science-fiction | fiction | fantasy | horror,239,https://images.gr-assets.com/books/1386328204m/8908.jpg,2006,4.01
Jessica Sorensen,"The Secret of Ella and Micha (The Secret, #1)",fiction | young-adult | music | contemporary | chick-lit | romance,2153,https://images.gr-assets.com/books/1365638597m/15717876.jpg,2012,4.01
"Todd Burpo, Lynn Vincent",Heaven is for Real: A Little Boy's Astounding Story of His Trip to Heaven and Back,spirituality | christian | memoir | religion | nonfiction | biography,299,http://books.google.com/books/content?id=dOfYRAAACAAJ&printsec=frontcover&img=1&zoom=1&source=gbs_api,2010,4.01
Frank Warren,PostSecret: Extraordinary Confessions from Ordinary Lives (PostSecret),memoir | nonfiction | art | psychology | humor | biography,1495,http://books.google.com/books/content?id=Mft-Ms1C1zsC&printsec=frontcover&img=1&zoom=1&source=gbs_api,2005,4.01
"William Shakespeare, Richard Andrews, Rex Gibson",Hamlet,classics | poetry | fiction,125,https://images.gr-assets.com/books/1351051208m/1420.jpg,2005,4.0
Becca Fitzpatrick,"Hush, Hush (Hush, Hush, #1)",fiction | young-adult | fantasy | paranormal | romance,202,https://images.gr-assets.com/books/1358261334m/6339664.jpg,2009,4.0
Laurie Halse Anderson,Speak,fiction | young-adult | classics | contemporary | ebooks | psychology,234,https://images.gr-assets.com/books/1310121762m/439288.jpg,2001,4.0
Nigella Lawson,How to Be a Domestic Goddess: Baking and the Art of Comfort Cooking,nonfiction | cookbooks,4272,http://books.google.com/books/content?id=Ks3NAAAACAAJ&printsec=frontcover&img=1&zoom=1&source=gbs_api,2005,4.0
Dodie Smith,I Capture the Castle,fiction | young-adult | children | classics | contemporary | chick-lit | romance | historical-fiction | humor,1957,http://books.google.com/books/content?id=cxAZf0kIy84C&printsec=frontcover&img=1&zoom=1&source=gbs_api,1948,4.0
Stephen King,"The Gunslinger (The Dark Tower, #1)",fiction | horror | fantasy | science-fiction | thriller,232,https://images.gr-assets.com/books/1375776480m/43615.jpg,2003,3.99
David Levithan,"Every Day (Every Day, #1)",fiction | young-adult | lgbt | contemporary | fantasy | paranormal | romance | science-fiction,837,https://images.gr-assets.com/books/1356993940m/13262783.jpg,2012,3.99
Neil Gaiman,The Ocean at the End of the Lane,fiction | young-adult | horror | fantasy | paranormal,277,https://images.gr-assets.com/books/1497098563m/15783514.jpg,2013,3.99
Chad Harbach,The Art of Fielding,contemporary | fiction | sports,1030,https://images.gr-assets.com/books/1327882787m/10996342.jpg,2011,3.99
"Hermann Hesse, Hilda Rosner",Siddhartha,philosophy | spirituality | fiction | religion | classics | historical-fiction,180,https://images.gr-assets.com/books/1428715580m/52036.jpg,1981,3.99
"Dante Alighieri, Anthony M. Esolen",Inferno (The Divine Comedy #1),philosophy | poetry | fiction | religion | classics | fantasy,977,https://images.gr-assets.com/books/1333579470m/15645.jpg,2003,3.99
Anthony Burgess,A Clockwork Orange,fiction | horror | suspense | mystery | classics | contemporary | fantasy | ebooks | crime | psychology | science-fiction | thriller,173,https://images.gr-assets.com/books/1348339306m/227463.jpg,1995,3.98
Katherine Paterson,Bridge to Terabithia,fiction | young-adult | children | classics | contemporary | fantasy,245,https://images.gr-assets.com/books/1327880087m/2839.jpg,1977,3.98
Scott McCloud,Understanding Comics: The Invisible Art,comics | history | nonfiction | art | graphic-novels,1146,https://images.gr-assets.com/books/1328408101m/102920.jpg,1993,3.98
Jeffrey Eugenides,Middlesex,fiction | lgbt | classics | contemporary | historical-fiction,115,https://images.gr-assets.com/books/1437029776m/2187.jpg,2003,3.98
Joseph Heller,Catch-22,classics | historical-fiction | humor | fiction,113,https://images.gr-assets.com/books/1463157317m/168668.jpg,2004,3.98
Jon Krakauer,Under the Banner of Heaven: A Story of Violent Faith,religion | history | nonfiction | crime | biography,688,https://images.gr-assets.com/books/1356441391m/10847.jpg,2004,3.98
Sylvia Plath,The Bell Jar,classics | poetry | fiction | psychology,178,https://images.gr-assets.com/books/1473890514m/6514.jpg,2006,3.98
"Isa Chandra Moskowitz, Terry Hope Romero",Veganomicon: The Ultimate Vegan Cookbook,nonfiction | cookbooks,4940,https://images.gr-assets.com/books/1328751476m/1059680.jpg,2007,3.98
Robert Ludlum,"The Bourne Identity (Jason Bourne, #1)",fiction | suspense | mystery | crime | thriller,222,https://images.gr-assets.com/books/1335860740m/7869.jpg,2005,3.98
John Bunyan,The Pilgrim's Progress,christian | fiction | religion | classics | fantasy,1357,https://images.gr-assets.com/books/1405982367m/29797.jpg,2003,3.98
"Bram Stoker, Nina Auerbach, David J. Skal",Dracula,fiction | horror | classics | fantasy | paranormal,97,https://images.gr-assets.com/books/1387151694m/17245.jpg,1986,3.98
John Grisham,The Client,fiction | suspense | mystery | crime | thriller,227,http://books.google.com/books/content?id=u61XH0OJ5AUC&printsec=frontcover&img=1&zoom=1&source=gbs_api,2010,3.97
Aldous Huxley,Brave New World,philosophy | fiction | classics | fantasy | science-fiction,55,https://images.gr-assets.com/books/1487389574m/5129.jpg,1998,3.97
Anne Rice,"Interview with the Vampire (The Vampire Chronicles, #1)",fiction | horror | classics | fantasy | paranormal | historical-fiction,205,https://images.gr-assets.com/books/1380631642m/43763.jpg,2004,3.97
Katherine Boo,"Behind the Beautiful Forevers: Life, Death, and Hope in a Mumbai Undercity",history | nonfiction | travel,1252,https://images.gr-assets.com/books/1315601232m/11869272.jpg,2012,3.97
David Sedaris,Me Talk Pretty One Day,memoir | humor | nonfiction | biography,101,http://books.google.com/books/content?id=5zGGPwAACAAJ&printsec=frontcover&img=1&zoom=1&source=gbs_api,2001,3.97
J. Sterling,"The Perfect Game (The Perfect Game, #1)",young-adult | contemporary | chick-lit | romance | sports,2562,https://images.gr-assets.com/books/1345824139m/15783307.jpg,2012,3.97
Gayle Forman,"If I Stay (If I Stay, #1)",fiction | young-adult | music | contemporary | romance,149,https://images.gr-assets.com/books/1347462970m/4374400.jpg,2009,3.96
C.S. Lewis,"Prince Caspian (Chronicles of Narnia, #2)",christian | fiction | young-adult | classics | fantasy,347,https://images.gr-assets.com/books/1308814880m/121749.jpg,2005,3.96
Jeff Kinney,"Diary of a Wimpy Kid (Diary of a Wimpy Kid, #1)",fiction | comics | young-adult | graphic-novels | humor,392,http://books.google.com/books/content?id=DXwkAQAAMAAJ&printsec=frontcover&img=1&zoom=1&source=gbs_api,2007,3.96
"Albert Camus, Matthew    Ward",The Stranger,classics | fiction | philosophy,162,https://images.gr-assets.com/books/1349927872m/49552.jpg,1989,3.96
China Miéville,"Perdido Street Station (Bas-Lag, #1)",fiction | horror | steampunk | fantasy | science-fiction,2487,https://images.gr-assets.com/books/1393537963m/68494.jpg,2003,3.96
Cheryl Strayed,Wild: From Lost to Found on the Pacific Crest Trail,memoir | travel | nonfiction | biography,190,https://images.gr-assets.com/books/1453189881m/12262741.jpg,2012,3.96
Charlaine Harris,"Dead Until Dark (Sookie Stackhouse, #1)",fiction | horror | mystery | fantasy | paranormal | romance,197,https://images.gr-assets.com/books/1468560853m/301082.jpg,2001,3.96
Nigella Lawson,"Nigella Express: Good Food, Fast",nonfiction | cookbooks,4735,http://books.google.com/books/content?id=MytwNwAACAAJ&printsec=frontcover&img=1&zoom=1&source=gbs_api,2007,3.96
Cormac McCarthy,The Road,fiction | horror | classics | contemporary | science-fiction,104,https://images.gr-assets.com/books/1439197219m/6288.jpg,2006,3.95
Audrey Niffenegger,The Time Traveler's Wife,fiction | contemporary | fantasy | chick-lit | romance | science-fiction,38,https://images.gr-assets.com/books/1437728815m/14050.jpg,2013,3.95
"C.S. Lewis, Pauline Baynes","The Silver Chair (Chronicles of Narnia, #4)",christian | fiction | young-adult | classics | fantasy,602,https://images.gr-assets.com/books/1336139237m/65641.jpg,2008,3.95
"Sun Tzu, Thomas Cleary",The Art of War,philosophy | history | nonfiction | classics | business,403,https://images.gr-assets.com/books/1453417993m/10534.jpg,2005,3.95
"Steven D. Levitt, Stephen J. Dubner","SuperFreakonomics: Global Cooling, Patriotic Prostitutes And Why Suicide Bombers Should Buy Life Insurance",business | psychology | nonfiction | science,1069,https://images.gr-assets.com/books/1308117804m/6402364.jpg,2009,3.95
Robert T. Kiyosaki,"Rich Dad, Poor Dad",business | nonfiction,582,http://books.google.com/books/content?id=icFfQgAACAAJ&printsec=frontcover&img=1&zoom=1&source=gbs_api,2007,3.95
John Grisham,The Pelican Brief,fiction | suspense | mystery | crime | thriller,281,http://books.google.com/books/content?id=pNyk1XwS9rwC&printsec=frontcover&img=1&zoom=1&source=gbs_api,2006,3.95
Philip Pullman,"The Golden Compass (His Dark Materials, #1)",fiction | young-adult | steampunk | fantasy | science-fiction,62,https://images.gr-assets.com/books/1451271747m/119322.jpg,1996,3.94
Nick Hornby,High Fidelity,fiction | music | contemporary | romance | humor,570,https://images.gr-assets.com/books/1327928082m/285092.jpg,1996,3.94
Tina Fey,Bossypants,memoir | humor | nonfiction | biography,106,https://images.gr-assets.com/books/1481509554m/9418327.jpg,2011,3.94
Jon Krakauer,Into the Wild,memoir | nonfiction | classics | travel | biography,82,https://images.gr-assets.com/books/1403173986m/1845.jpg,1997,3.94
"William Shakespeare, Barbara A. Mowat, Paul Werstine, Catherine Belsey",A Midsummer Night's Dream,poetry | fiction | classics | fantasy | romance,248,https://images.gr-assets.com/books/1327874534m/1622.jpg,2016,3.94
Jack Kerouac,The Dharma Bums,spirituality | philosophy | fiction | classics | travel,1250,https://images.gr-assets.com/books/1428986082m/412732.jpg,1986,3.94
"Sheryl Sandberg, Nell Scovell","Lean In: Women, Work, and the Will to Lead",business | memoir | nonfiction | biography,630,https://images.gr-assets.com/books/1364250803m/16071764.jpg,2013,3.94
"M.C. Escher, Bruce Brooks Pfeiffer",M.C. Escher: The Graphic Work,art | nonfiction | science | biography,1756,http://books.google.com/books/content?id=lq-EZiRdPswC&printsec=frontcover&img=1&zoom=1&edge=curl&source=gbs_api,2001,3.93
"Alan Moore, Kevin O'Neill","The League of Extraordinary Gentlemen, Vol. 1",fiction | comics | steampunk | fantasy | science-fiction | graphic-novels | historical-fiction,2760,https://images.gr-assets.com/books/1327894724m/297627.jpg,2002,3.93
Martha Stewart,Everyday Food: Great Food Fast,nonfiction | cookbooks,7060,https://images.gr-assets.com/books/1320479731m/335459.jpg,2007,3.93
Frank Beddor,"The Looking Glass Wars (The Looking Glass Wars, #1)",fiction | fantasy | young-adult | steampunk,3728,https://images.gr-assets.com/books/1354845928m/44170.jpg,2006,3.93
John Eldredge,Wild at Heart: Discovering the Secret of a Man's Soul,spirituality | christian | religion | nonfiction,1625,http://books.google.com/books/content?id=IhhNwYnAubUC&printsec=frontcover&img=1&zoom=1&source=gbs_api,2001,3.93
"Steven D. Levitt, Stephen J. Dubner","Freakonomics: A Rogue Economist Explores the Hidden Side of Everything (Freakonomics, #1)",business | psychology | nonfiction | science,92,https://images.gr-assets.com/books/1327909092m/1202.jpg,2006,3.93
Stephen King,Carrie,fiction | horror | classics | fantasy | paranormal | thriller,237,http://books.google.com/books/content?id=JRJ-PwAACAAJ&printsec=frontcover&img=1&zoom=1&source=gbs_api,2005,3.93
"Jason Fried, David Heinemeier Hansson",Rework,business | nonfiction,990,http://books.google.com/books/content?id=3oSoqGOmI4sC&printsec=frontcover&img=1&zoom=1&source=gbs_api,2010,3.93
James Patterson,"Kiss the Girls (Alex Cross, #2)",fiction | suspense | mystery | crime | thriller,266,http://books.google.com/books/content?id=6b6WlwEACAAJ&printsec=frontcover&img=1&zoom=1&source=gbs_api,2000,3.93
"Louis Sachar, Louis Sachar","Holes (Holes, #1)",fiction | young-adult | mystery | classics | contemporary,77,https://images.gr-assets.com/books/1327781893m/38709.jpg,2000,3.93
Donald Miller,Blue Like Jazz: Nonreligious Thoughts on Christian Spirituality,spirituality | christian | memoir | religion | nonfiction,1025,http://books.google.com/books/content?id=rd4l574mTyQC&printsec=frontcover&img=1&zoom=1&source=gbs_api,2003,3.92
Ann Patchett,Bel Canto,contemporary | fiction | music | romance,407,https://images.gr-assets.com/books/1352997328m/5826.jpg,2005,3.92
Gillian Flynn,Dark Places,fiction | suspense | mystery | contemporary | crime | thriller,226,https://images.gr-assets.com/books/1354988288m/5886881.jpg,2009,3.92
Gillian Flynn,Sharp Objects,fiction | suspense | mystery | contemporary | crime | thriller,244,https://images.gr-assets.com/books/1423241485m/66559.jpg,2006,3.92
Ruth Reichl,Garlic and Sapphires: The Secret Life of a Critic in Disguise,nonfiction | memoir | cookbooks | biography,3646,http://books.google.com/books/content?id=AXISEAAAQBAJ&printsec=frontcover&img=1&zoom=1&source=gbs_api,2006,3.92
Robert A. Heinlein,Stranger in a Strange Land,philosophy | fiction | religion | classics | fantasy | science-fiction,371,https://images.gr-assets.com/books/1156897088m/350.jpg,1991,3.91
Michael Cunningham,The Hours,fiction | lgbt | classics | contemporary | historical-fiction,941,https://images.gr-assets.com/books/1479663379m/11899.jpg,2002,3.91
Bill Bryson,Notes from a Small Island,memoir | history | nonfiction | humor | travel | biography,1449,https://images.gr-assets.com/books/1479653223m/28.jpg,1997,3.91
Scott Westerfeld,"Leviathan (Leviathan, #1)",fiction | young-adult | steampunk | fantasy | science-fiction | historical-fiction,1745,https://images.gr-assets.com/books/1275694232m/6050678.jpg,2009,3.91
Gail Carriger,"Soulless (Parasol Protectorate, #1)",fiction | steampunk | fantasy | paranormal | romance | historical-fiction,1848,https://images.gr-assets.com/books/1314020848m/6381205.jpg,2009,3.91
Stephen King,Pet Sematary,fiction | horror | suspense | mystery | fantasy | paranormal | thriller,305,https://images.gr-assets.com/books/1308894674m/10583.jpg,2014,3.91
John Berendt,Midnight in the Garden of Good and Evil,memoir | history | nonfiction | mystery | classics | crime | travel,538,https://images.gr-assets.com/books/1427166915m/386187.jpg,1999,3.9
Mitch Albom,The Five People You Meet in Heaven,philosophy | spirituality | fiction | classics | contemporary | fantasy,132,http://books.google.com/books/content?id=eH9lPwAACAAJ&printsec=frontcover&img=1&zoom=1&source=gbs_api,2003,3.9
Malcolm Gladwell,"David and Goliath: Underdogs, Misfits, and the Art of Battling Giants",science | history | nonfiction | business | psychology,892,https://images.gr-assets.com/books/1391813567m/15751404.jpg,2013,3.9
"Jules Verne, Michael Glencross, Brian W. Aldiss",Around the World in Eighty Days,fiction | classics | fantasy | science-fiction | historical-fiction | travel,706,https://images.gr-assets.com/books/1308815551m/54479.jpg,2004,3.9
C.S. Lewis,"The Horse and His Boy (Chronicles of Narnia, #5)",christian | fiction | young-adult | children | religion | classics | ebooks | fantasy,542,https://images.gr-assets.com/books/1388210968m/84119.jpg,1954,3.9
Rick Warren,The Purpose Driven Life: What on Earth Am I Here for?,spirituality | christian | religion | nonfiction,448,http://books.google.com/books/content?id=JjXposvAYvUC&printsec=frontcover&img=1&zoom=1&source=gbs_api,2007,3.9
Ransom Riggs,"Miss Peregrine’s Home for Peculiar Children (Miss Peregrine’s Peculiar Children, #1)",fiction | young-adult | horror | mystery | fantasy | paranormal | historical-fiction,139,https://images.gr-assets.com/books/1472782916m/9460487.jpg,2011,3.89
Rachel Joyce,"The Unlikely Pilgrimage of Harold Fry (Harold Fry, #1)",contemporary | fiction | travel,836,https://images.gr-assets.com/books/1335816092m/13227454.jpg,2012,3.89
Julia Cameron,The Artist's Way: A Spiritual Path to Higher Creativity,philosophy | spirituality | nonfiction | art | psychology,1401,https://images.gr-assets.com/books/1440952332m/615570.jpg,2002,3.89
Richard Dawkins,The God Delusion,philosophy | spirituality | science | religion | nonfiction | psychology,474,https://images.gr-assets.com/books/1347220693m/14743.jpg,2006,3.89
F. Scott Fitzgerald,The Great Gatsby,classics | historical-fiction | fiction | romance,5,https://images.gr-assets.com/books/1490528560m/4671.jpg,2004,3.89
Yann Martel,Life of Pi,philosophy | fiction | classics | contemporary | fantasy,45,https://images.gr-assets.com/books/1320562005m/4214.jpg,2006,3.88
John Green,Paper Towns,fiction | young-adult | mystery | contemporary | romance,88,https://images.gr-assets.com/books/1349013610m/6442769.jpg,2009,3.88
Abbi Glines,"Breathe (Sea Breeze, #1)",fiction | young-adult | music | contemporary | chick-lit | romance,1983,https://images.gr-assets.com/books/1341120438m/11479285.jpg,2011,3.88
William Shakespeare,Macbeth,classics | poetry | fiction,154,https://images.gr-assets.com/books/1459795224m/8852.jpg,2013,3.88
William Shakespeare,Othello,classics | poetry | fiction,353,https://images.gr-assets.com/books/1459795105m/12996.jpg,2004,3.88
Paula Hawkins,The Girl on the Train,fiction | suspense | mystery | contemporary | crime | thriller,61,https://images.gr-assets.com/books/1490903702m/22557272.jpg,2015,3.88
Donna Tartt,The Goldfinch,art | contemporary | fiction | mystery,146,https://images.gr-assets.com/books/1451554970m/17333223.jpg,2013,3.87
E.L. James,"Fifty Shades Darker (Fifty Shades, #2)",fiction | erotica | contemporary | chick-lit | romance,99,https://images.gr-assets.com/books/1358266080m/11857408.jpg,2011,3.87
"George Orwell, Boris Grabnar, Celâl Üster, Celâl Üstüner, Peter Škerl",Animal Farm,philosophy | fiction | young-adult | history | classics | ebooks | fantasy | science-fiction | historical-fiction,14,https://images.gr-assets.com/books/1424037542m/7613.jpg,1954,3.87
"Jules Verne, Anthony Bonner",Twenty Thousand Leagues Under the Sea,fiction | steampunk | classics | fantasy | science-fiction,699,https://images.gr-assets.com/books/1494979127m/33507.jpg,2002,3.86
Christopher Paolini,"Eragon (The Inheritance Cycle, #1)",fiction | fantasy | young-adult,53,https://images.gr-assets.com/books/1366212852m/113436.jpg,2005,3.86
Austin Kleon,Steal Like an Artist: 10 Things Nobody Told You About Being Creative,art | psychology | nonfiction | business,1141,https://images.gr-assets.com/books/1404576602m/13099738.jpg,2012,3.86
Mark Haddon,The Curious Incident of the Dog in the Night-Time,fiction | young-adult | mystery | classics | contemporary | psychology,60,https://images.gr-assets.com/books/1479863624m/1618.jpg,2004,3.85
Tracy Chevalier,Girl with a Pearl Earring,fiction | art | classics | romance | historical-fiction,148,https://images.gr-assets.com/books/1327197580m/2865.jpg,2005,3.85
"Ayn Rand, Leonard Peikoff",The Fountainhead,classics | fiction | philosophy,287,https://images.gr-assets.com/books/1491163636m/2122.jpg,1996,3.85
Dan Brown,"Angels and Demons  (Robert Langdon, #1)",fiction | suspense | mystery | crime | historical-fiction | thriller,9,https://images.gr-assets.com/books/1303390735m/960.jpg,2006,3.85
Betty Edwards,The New Drawing on the Right Side of the Brain,art | psychology | nonfiction,406,http://books.google.com/books/content?id=JjERAQAAMAAJ&printsec=frontcover&img=1&zoom=1&source=gbs_api,1999,3.84
John Steinbeck,Of Mice and Men,classics | historical-fiction | fiction,32,https://images.gr-assets.com/books/1437235233m/890.jpg,2002,3.84
"John Green, David Levithan","Will Grayson, Will Grayson",fiction | young-adult | lgbt | contemporary | romance | humor,382,https://images.gr-assets.com/books/1368393890m/6567017.jpg,2010,3.84
Keith Richards,Life,memoir | history | nonfiction | music | biography,1309,https://images.gr-assets.com/books/1327960451m/9439303.jpg,2010,3.84
Mindy Kaling,Is Everyone Hanging Out Without Me? (And Other Concerns),memoir | humor | nonfiction | biography,290,https://images.gr-assets.com/books/1443264638m/10335308.jpg,2011,3.84
Stephenie Meyer,"The Host (The Host, #1)",fiction | young-adult | fantasy | paranormal | romance | science-fiction,73,https://images.gr-assets.com/books/1318009171m/1656001.jpg,2008,3.84
Banksy,Wall and Piece,art | nonfiction,524,https://images.gr-assets.com/books/1327904853m/114683.jpg,2006,3.83
E.H. Gombrich,The Story of Art,art | classics | history | nonfiction,580,http://books.google.com/books/content?id=CECSU2MRH4QC&printsec=frontcover&img=1&zoom=1&source=gbs_api,1995,3.83
"Homer, Robert Fagles, Frédéric Mugler, Bernard Knox",The Iliad,poetry | fiction | classics | fantasy | historical-fiction,341,http://books.google.com/books/content?id=8IVPEAAAQBAJ&printsec=frontcover&img=1&zoom=1&source=gbs_api,1999,3.83
Emily Giffin,"Something Borrowed (Darcy and Rachel, #1)",contemporary | fiction | chick-lit | romance,156,https://images.gr-assets.com/books/1305063535m/42156.jpg,2004,3.83
"Emily Brontë, Richard J. Dunn",Wuthering Heights,classics | historical-fiction | fiction | romance,63,http://books.google.com/books/content?id=dBKCQgAACAAJ&printsec=frontcover&img=1&zoom=1&source=gbs_api,2002,3.82
"Haruki Murakami, Philip Gabriel",Sputnik Sweetheart,lgbt | contemporary | fiction | romance,1270,https://images.gr-assets.com/books/1486764070m/9557.jpg,2002,3.82
"Paulo Coelho, Alan R. Clarke, กอบชลี และ กันเกรา",The Alchemist,philosophy | spirituality | fiction | young-adult | religion | classics | contemporary | fantasy | ebooks | historical-fiction | travel,35,https://images.gr-assets.com/books/1483412266m/865.jpg,2006,3.82
Ree Drummond,The Pioneer Woman: Black Heels to Tractor Wheels,cookbooks | memoir | nonfiction | chick-lit | romance | biography,6631,https://images.gr-assets.com/books/1327898663m/8483233.jpg,2011,3.81
"Tim LaHaye, Jerry B. Jenkins","Left Behind (Left Behind, #1)",spirituality | christian | fiction | religion | fantasy | science-fiction | thriller,505,https://images.gr-assets.com/books/1406505054m/27523.jpg,2000,3.81
Wassily Kandinsky,Concerning the Spiritual in Art,philosophy | spirituality | religion | nonfiction | art | classics,2022,https://images.gr-assets.com/books/1405982387m/857502.jpg,1977,3.81
Jennifer Probst,"The Marriage Bargain (Marriage to a Billionaire, #1)",fiction | erotica | contemporary | chick-lit | romance | humor,1209,https://images.gr-assets.com/books/1329319988m/13486122.jpg,2012,3.81
"Richard Bach, Russell Munson",Jonathan Livingston Seagull,spirituality | philosophy | fiction | classics | fantasy,606,http://books.google.com/books/content?id=2KTBlAEACAAJ&printsec=frontcover&img=1&zoom=1&source=gbs_api,2006,3.8
"Mark Twain, John Seelye, Guy Cardwell",The Adventures of Huckleberry Finn,classics | historical-fiction | fiction | young-adult,58,https://images.gr-assets.com/books/1405973850m/2956.jpg,2002,3.8
Dan Brown,"Inferno (Robert Langdon, #4)",fiction | suspense | mystery | crime | historical-fiction | thriller,240,https://images.gr-assets.com/books/1397093185m/17212231.jpg,2013,3.8
"John Milton, John      Leonard",Paradise Lost,philosophy | poetry | fiction | religion | classics | fantasy,984,https://images.gr-assets.com/books/1455618673m/15997.jpg,2003,3.8
Scott O'Dell,"Island of the Blue Dolphins (Island of the Blue Dolphins, #1)",fiction | young-adult | children | history | classics | fantasy | historical-fiction,386,https://images.gr-assets.com/books/1475166260m/233818.jpg,1960,3.8
Phaidon Press,The Art Book,art | history | nonfiction,776,https://images.gr-assets.com/books/1411210646m/567616.jpg,1997,3.79
J.D. Salinger,The Catcher in the Rye,classics | fiction | young-adult,8,https://images.gr-assets.com/books/1398034300m/5107.jpg,2001,3.79
Sarah Dunant,The Birth of Venus,art | historical-fiction | fiction | romance,1171,http://books.google.com/books/content?id=uTLuAAAAMAAJ&printsec=frontcover&img=1&zoom=1&source=gbs_api,2004,3.79
Dan Brown,"The Da Vinci Code (Robert Langdon, #2)",fiction | suspense | mystery | crime | historical-fiction | thriller,26,https://images.gr-assets.com/books/1303252999m/968.jpg,2006,3.79
"P.C. Cast, Kristin Cast","Marked (House of Night, #1)",fiction | young-adult | fantasy | paranormal | romance,246,https://images.gr-assets.com/books/1317067002m/30183.jpg,2007,3.79
Rebecca Wells,Divine Secrets of the Ya-Ya Sisterhood,fiction | contemporary | chick-lit | historical-fiction | humor,136,https://images.gr-assets.com/books/1408313524m/137791.jpg,2004,3.79
"Niccolò Machiavelli, Adolph Caso, Rufus Goodwin, Benjamin Martinez",The Prince,classics | history | nonfiction | philosophy,479,http://books.google.com/books/content?id=bRdLCgAAQBAJ&printsec=frontcover&img=1&zoom=1&edge=curl&source=gbs_api,2003,3.78
Maggie Stiefvater,"Shiver (The Wolves of Mercy Falls, #1)",fiction | young-adult | fantasy | paranormal | romance,254,https://images.gr-assets.com/books/1409283154m/6068551.jpg,2009,3.78
"Franz Kafka, Stanley Corngold",The Metamorphosis,philosophy | fiction | horror | classics | fantasy,213,https://images.gr-assets.com/books/1359061917m/485894.jpg,1972,3.78
"Beatrice Sparks, Anonymous",Go Ask Alice,fiction | young-adult | classics | contemporary | psychology,425,https://images.gr-assets.com/books/1327870536m/46799.jpg,2006,3.77
Alice Sebold,The Lovely Bones,fiction | young-adult | mystery | contemporary | fantasy | crime,22,https://images.gr-assets.com/books/1457810586m/12232938.jpg,2006,3.77
Robert M. Pirsig,Zen and the Art of Motorcycle Maintenance: An Inquiry Into Values,philosophy | spirituality | fiction | religion | classics | psychology | travel,546,https://images.gr-assets.com/books/1410136019m/629.jpg,2006,3.76
Jodi Picoult,Sing You Home,fiction | lgbt | contemporary | chick-lit | romance,1532,http://books.google.com/books/content?id=Vd-YpRD4W4cC&printsec=frontcover&img=1&zoom=1&edge=curl&source=gbs_api,2011,3.76
E.L. James,"Grey (Fifty Shades, #4)",fiction | erotica | contemporary | chick-lit | romance,1104,https://images.gr-assets.com/books/1433182986m/25644601.jpg,2015,3.76
Helen Fielding,"Bridget Jones's Diary (Bridget Jones, #1)",fiction | contemporary | chick-lit | romance | humor,75,https://images.gr-assets.com/books/1292060045m/227443.jpg,1999,3.75
Ann Brashares,"The Sisterhood of the Traveling Pants (Sisterhood, #1)",fiction | young-adult | contemporary | chick-lit | romance,120,https://images.gr-assets.com/books/1461611233m/452306.jpg,2001,3.75
John Berger,Ways of Seeing,art | philosophy | history | nonfiction,462,https://images.gr-assets.com/books/1464018308m/2784.jpg,1990,3.75
Chuck Klosterman,"Sex, Drugs, and Cocoa Puffs: A Low Culture Manifesto",nonfiction | memoir | humor | music,1392,https://images.gr-assets.com/books/1380742001m/599.jpg,2004,3.75
"Mary Wollstonecraft Shelley, Percy Bysshe Shelley, Maurice Hindle",Frankenstein,fiction | horror | classics | ebooks | fantasy | paranormal | science-fiction | historical-fiction | thriller,71,https://images.gr-assets.com/books/1381512375m/18490.jpg,1980,3.75
William Paul Young,The Shack,philosophy | christian | spirituality | fiction | suspense | religion | mystery | ebooks | contemporary | fantasy,174,https://images.gr-assets.com/books/1344270232m/1812457.jpg,2008,3.74
Lauren Kate,"Fallen (Fallen, #1)",fiction | young-adult | fantasy | paranormal | romance,224,https://images.gr-assets.com/books/1440619649m/6487308.jpg,2009,3.74
Paolo Bacigalupi,"Ship Breaker (Ship Breaker, #1)",fiction | young-adult | steampunk | fantasy | science-fiction,3711,https://images.gr-assets.com/books/1327874074m/7095831.jpg,2010,3.74
Paolo Bacigalupi,The Windup Girl,science-fiction | fiction | fantasy | steampunk,2102,https://images.gr-assets.com/books/1278940608m/6597651.jpg,2009,3.74
"Spencer Johnson, Kenneth H. Blanchard",Who Moved My Cheese?,business | philosophy | psychology | nonfiction,315,http://books.google.com/books/content?id=G8J9RhbOTKQC&printsec=frontcover&img=1&zoom=1&source=gbs_api,2002,3.74
"Rachel Cohn, David Levithan",Nick and Norah's Infinite Playlist,fiction | young-adult | music | contemporary | chick-lit | romance,1583,http://books.google.com/books/content?id=VNh7KXvd5RwC&printsec=frontcover&img=1&zoom=1&source=gbs_api,2006,3.73
"Homer, Robert Fagles, E.V. Rieu, Frédéric Mugler, Bernard Knox",The Odyssey,poetry | fiction | classics | fantasy | historical-fiction,79,https://images.gr-assets.com/books/1390173285m/1381.jpg,2006,3.73
Eric Schlosser,Fast Food Nation: The Dark Side of the All-American Meal,business | history | nonfiction | science,398,http://books.google.com/books/content?id=B-zm14LjhgcC&printsec=frontcover&img=1&zoom=1&source=gbs_api,2005,3.73
"William Shakespeare, Robert           Jackson",Romeo and Juliet,classics | poetry | fiction | romance,29,https://images.gr-assets.com/books/1327872146m/18135.jpg,2004,3.73
Nancy Horan,Loving Frank,art | historical-fiction | fiction | romance,1231,http://books.google.com/books/content?id=c_SYsw3HxvoC&printsec=frontcover&img=1&zoom=1&source=gbs_api,2007,3.73
Ellen DeGeneres,Seriously... I'm Kidding,lgbt | memoir | nonfiction | humor | biography,1162,https://images.gr-assets.com/books/1441195131m/11230081.jpg,2011,3.72
Frances Mayes,Under the Tuscan Sun,memoir | nonfiction | contemporary | chick-lit | romance | travel | biography,261,https://images.gr-assets.com/books/1320524083m/480479.jpg,1997,3.72
"Lance Armstrong, Sally Jenkins",It's Not About the Bike: My Journey Back to Life,memoir | sports | nonfiction | biography,2650,http://books.google.com/books/content?id=oWlcrI7OqzcC&printsec=frontcover&img=1&zoom=1&source=gbs_api,2001,3.72
Augusten Burroughs,Running with Scissors,lgbt | memoir | nonfiction | psychology | humor | biography,238,http://books.google.com/books/content?id=XvHfYQEACAAJ&printsec=frontcover&img=1&zoom=1&source=gbs_api,2003,3.7
Stephenie Meyer,"Breaking Dawn (Twilight, #4)",fiction | young-adult | fantasy | paranormal | romance,56,https://images.gr-assets.com/books/1361039438m/1162543.jpg,2008,3.7
Lauren Weisberger,"The Devil Wears Prada (The Devil Wears Prada, #1)",fiction | contemporary | chick-lit | romance | humor,78,http://books.google.com/books/content?id=9ccASdwiv4oC&printsec=frontcover&img=1&zoom=1&source=gbs_api,2006,3.7
"Paulo Coelho, Margaret Jull Costa",Veronika Decides to Die,philosophy | spirituality | fiction | contemporary | romance | psychology,629,http://books.google.com/books/content?id=dlgK3OfbiIEC&printsec=frontcover&img=1&zoom=1&source=gbs_api,2006,3.69
Stephenie Meyer,"Eclipse (Twilight, #3)",fiction | young-adult | fantasy | paranormal | romance,52,https://images.gr-assets.com/books/1361038355m/428263.jpg,2007,3.69
"Paulo Coelho, Margaret Jull Costa",Eleven Minutes,philosophy | spirituality | fiction | contemporary | romance,708,https://images.gr-assets.com/books/1358266987m/1430.jpg,2003,3.69
"Ayn Rand, Leonard Peikoff",Atlas Shrugged,classics | science-fiction | fiction | philosophy,255,https://images.gr-assets.com/books/1405868167m/662.jpg,1999,3.68
Ally Condie,"Matched (Matched, #1)",fiction | young-adult | fantasy | romance | science-fiction,166,https://images.gr-assets.com/books/1367706191m/7735333.jpg,2010,3.68
Julie Powell,"Julie and Julia: 365 Days, 524 Recipes, 1 Tiny Apartment Kitchen: How One Girl Risked Her Marriage, Her Job, and Her Sanity to Master the Art of Living",cookbooks | memoir | nonfiction | chick-lit | humor | biography,710,http://books.google.com/books/content?id=ZBuglQEACAAJ&printsec=frontcover&img=1&zoom=1&source=gbs_api,2005,3.67
Elizabeth Bard,"Lunch in Paris: A Love Story, with Recipes",cookbooks | memoir | nonfiction | chick-lit | romance | travel | biography,7774,https://images.gr-assets.com/books/1344266322m/6422680.jpg,2010,3.67
E.L. James,"Fifty Shades of Grey (Fifty Shades, #1)",fiction | erotica | contemporary | chick-lit | romance,34,https://images.gr-assets.com/books/1385207843m/10818853.jpg,2011,3.67
"David Bayles, Ted Orland",Art and Fear: Observations on the Perils (and Rewards) of Artmaking,art | philosophy | psychology | nonfiction,1777,http://books.google.com/books/content?id=SFQjn0OrNPIC&printsec=frontcover&img=1&zoom=1&source=gbs_api,2001,3.67
Dan Brown,Deception Point,fiction | suspense | mystery | crime | science-fiction | thriller,145,http://books.google.com/books/content?id=3MRDSDflO7MC&printsec=frontcover&img=1&zoom=1&source=gbs_api,2002,3.67
Thomas L. Friedman,The World Is Flat: A Brief History of the Twenty-first Century,business | history | nonfiction | science,969,http://books.google.com/books/content?id=CfHCBUepsXIC&printsec=frontcover&img=1&zoom=1&source=gbs_api,2006,3.66
Dan Brown,"The Lost Symbol (Robert Langdon, #3)",fiction | suspense | mystery | crime | historical-fiction | thriller,201,https://images.gr-assets.com/books/1358274396m/6411961.jpg,2009,3.66
Jennifer Egan,A Visit from the Goon Squad,contemporary | fiction | music,638,https://images.gr-assets.com/books/1356844046m/7331435.jpg,2010,3.64
William Golding,Lord of the Flies,classics | fiction | young-adult,28,https://images.gr-assets.com/books/1327869409m/7624.jpg,1999,3.64
Kim Edwards,The Memory Keeper's Daughter,historical-fiction | contemporary | fiction | chick-lit,111,http://books.google.com/books/content?id=kyTaCwAAQBAJ&printsec=frontcover&img=1&zoom=1&source=gbs_api,2006,3.64
Catherine Fisher,"Incarceron (Incarceron, #1)",fiction | young-adult | steampunk | mystery | fantasy | science-fiction,2711,https://images.gr-assets.com/books/1327414514m/332775.jpg,2007,3.64
Jack Kerouac,On the Road,classics | fiction | travel,284,https://images.gr-assets.com/books/1413588576m/70401.jpg,1976,3.64
John Green,An Abundance of Katherines,fiction | young-adult | contemporary | romance | humor,275,https://images.gr-assets.com/books/1360206426m/49750.jpg,2006,3.63
Veronica Roth,"Allegiant (Divergent, #3)",fiction | young-adult | fantasy | romance | science-fiction,105,https://images.gr-assets.com/books/1395582745m/18710190.jpg,2013,3.63
Charlie N. Holmberg,"The Paper Magician (The Paper Magician Trilogy, #1)",fiction | young-adult | steampunk | fantasy | paranormal | romance | historical-fiction,2634,https://images.gr-assets.com/books/1405618531m/20727654.jpg,2014,3.63
James Frey,A Million Little Pieces,psychology | contemporary | fiction,383,https://images.gr-assets.com/books/1483206985m/1241.jpg,2005,3.62
Rhonda Byrne,"The Secret (The Secret, #1)",philosophy | spirituality | nonfiction | business | psychology,303,https://images.gr-assets.com/books/1482865039m/52529.jpg,2006,3.62
Sophie Kinsella,"Confessions of a Shopaholic (Shopaholic, #1)",fiction | young-adult | contemporary | chick-lit | romance | humor,108,https://images.gr-assets.com/books/1327872404m/9416.jpg,2003,3.61
Dan Brown,Digital Fortress,fiction | suspense | mystery | crime | science-fiction | thriller,170,https://images.gr-assets.com/books/1360095966m/11125.jpg,2004,3.6
James Redfield,"The Celestine Prophecy (Celestine Prophecy, #1)",philosophy | spirituality | fiction | religion | fantasy,1079,https://images.gr-assets.com/books/1341360412m/13103.jpg,1995,3.6
Stephenie Meyer,"Twilight (Twilight, #1)",fiction | young-adult | fantasy | paranormal | romance,3,https://images.gr-assets.com/books/1361039443m/41865.jpg,2006,3.57
Elizabeth Gilbert,"Eat, Pray, Love",spirituality | memoir | nonfiction | contemporary | chick-lit | romance | travel | biography,40,https://images.gr-assets.com/books/1503066414m/19501.jpg,2007,3.51
Mireille Guiliano,French Women Don't Get Fat: The Secret of Eating for Pleasure,nonfiction | memoir | cookbooks,8195,http://books.google.com/books/content?id=O-tQPgAACAAJ&printsec=frontcover&img=1&zoom=1&source=gbs_api,2005,3.48
John Grisham,Bleachers,fiction | mystery | contemporary | sports | thriller,3273,http://books.google.com/books/content?id=B9D3QT00fqEC&printsec=frontcover&img=1&zoom=1&source=gbs_api,2004,3.46
"Unknown, Seamus Heaney",Beowulf,classics | fiction | fantasy | poetry,531,https://images.gr-assets.com/books/1327878125m/52357.jpg,2001,3.42
John Grisham,Playing for Pizza,fiction | suspense | contemporary | sports | travel,2815,http://books.google.com/books/content?id=UsJlAAAAMAAJ&printsec=frontcover&img=1&zoom=1&source=gbs_api,2007,3.41
"Emma McLaughlin, Nicola Kraus","The Nanny Diaries (Nanny, #1)",fiction | contemporary | chick-lit | romance | humor,228,http://books.google.com/books/content?id=dT3qT8EvIJ0C&printsec=frontcover&img=1&zoom=1&source=gbs_api,2003,3.4
Sarah Waters,The Paying Guests,historical-fiction | romance | fiction | lgbt,1708,https://images.gr-assets.com/books/1396671788m/20821087.jpg,2014,3.39
Jessica Seinfeld,Deceptively Delicious: Simple Secrets to Get Your Kids Eating Good Food,nonfiction | cookbooks,5094,http://books.google.com/books/content?id=3YLgAAAAMAAJ&printsec=frontcover&img=1&zoom=1&source=gbs_api,2007,3.39
"Eugene Bradley Coco, Ron Dias, J.M. Barrie, Walt Disney Company",Lipstick Jungle,fiction | comics | children | history | classics | fantasy | historical-fiction,2546,http://books.google.com/books/content?id=mfGuoVdH57AC&printsec=frontcover&img=1&zoom=1&source=gbs_api,2006,3.39
"Ian Edginton, I.N.J. Culbard, Oscar Wilde",Swamplandia!,fiction | comics | horror | children | science | young-adult | mystery | classics | fantasy | manga | graphic-novels | science-fiction,2496,https://images.gr-assets.com/books/1320536498m/8584686.jpg,2011,3.21
